PHOTCATID,spec_z,"source(1=GOGREEN,2=GCLASS,3=SPT,4=FORS2,5=NED)",quality,distance/arcsec,altspec_z,altdistance/arcsec,altsource,altquality,GOGREENSPECID
1,0.055,5,99,0.361,-98.0,0.0,0,-97,0
2,-99.0,0,0,0.0,-98.0,0.0,0,-97,0
3,-99.0,0,0,0.0,-98.0,0.0,0,-97,0
4,-99.0,0,0,0.0,-98.0,0.0,0,-97,0
5,-99.0,0,0,0.0,-98.0,0.0,0,-97,0
6,-99.0,0,0,0.0,-98.0,0.0,0,-97,0
7,-99.0,0,0,0.0,-98.0,0.0,0,-97,0
8,-99.0,0,0,0.0,-98.0,0.0,0,-97,0
9,-99.0,0,0,0.0,-98.0,0.0,0,-97,0
10,-99.0,0,0,0.0,-98.0,0.0,0,-97,0
11,-99.0,0,0,0.0,-98.0,0.0,0,-97,0
12,-99.0,0,0,0.0,-98.0,0.0,0,-97,0
13,-99.0,0,0,0.0,-98.0,0.0,0,-97,0
14,-99.0,0,0,0.0,-98.0,0.0,0,-97,0
15,-99.0,0,0,0.0,-98.0,0.0,0,-97,0
16,-99.0,0,0,0.0,-98.0,0.0,0,-97,0
17,-99.0,0,0,0.0,-98.0,0.0,0,-97,0
18,-99.0,0,0,0.0,-98.0,0.0,0,-97,0
19,-99.0,0,0,0.0,-98.0,0.0,0,-97,0
20,-99.0,0,0,0.0,-98.0,0.0,0,-97,0
21,-99.0,0,0,0.0,-98.0,0.0,0,-97,0
22,-99.0,0,0,0.0,-98.0,0.0,0,-97,0
23,-99.0,0,0,0.0,-98.0,0.0,0,-97,0
24,-99.0,0,0,0.0,-98.0,0.0,0,-97,0
25,-99.0,0,0,0.0,-98.0,0.0,0,-97,0
26,-99.0,0,0,0.0,-98.0,0.0,0,-97,0
27,-99.0,0,0,0.0,-98.0,0.0,0,-97,0
28,-99.0,0,0,0.0,-98.0,0.0,0,-97,0
29,-99.0,0,0,0.0,-98.0,0.0,0,-97,0
30,-99.0,0,0,0.0,-98.0,0.0,0,-97,0
31,-99.0,0,0,0.0,-98.0,0.0,0,-97,0
32,-99.0,0,0,0.0,-98.0,0.0,0,-97,0
33,-99.0,0,0,0.0,-98.0,0.0,0,-97,0
34,-99.0,0,0,0.0,-98.0,0.0,0,-97,0
35,-99.0,0,0,0.0,-98.0,0.0,0,-97,0
36,-99.0,0,0,0.0,-98.0,0.0,0,-97,0
37,-99.0,0,0,0.0,-98.0,0.0,0,-97,0
38,-99.0,0,0,0.0,-98.0,0.0,0,-97,0
39,-99.0,0,0,0.0,-98.0,0.0,0,-97,0
40,-99.0,0,0,0.0,-98.0,0.0,0,-97,0
41,-99.0,0,0,0.0,-98.0,0.0,0,-97,0
42,-99.0,0,0,0.0,-98.0,0.0,0,-97,0
43,-99.0,0,0,0.0,-98.0,0.0,0,-97,0
44,-99.0,0,0,0.0,-98.0,0.0,0,-97,0
45,-99.0,0,0,0.0,-98.0,0.0,0,-97,0
46,-99.0,0,0,0.0,-98.0,0.0,0,-97,0
47,-99.0,0,0,0.0,-98.0,0.0,0,-97,0
48,-99.0,0,0,0.0,-98.0,0.0,0,-97,0
49,-99.0,0,0,0.0,-98.0,0.0,0,-97,0
50,-99.0,0,0,0.0,-98.0,0.0,0,-97,0
51,-99.0,0,0,0.0,-98.0,0.0,0,-97,0
52,-99.0,0,0,0.0,-98.0,0.0,0,-97,0
53,-99.0,0,0,0.0,-98.0,0.0,0,-97,0
54,-99.0,0,0,0.0,-98.0,0.0,0,-97,0
55,-99.0,0,0,0.0,-98.0,0.0,0,-97,0
56,-99.0,0,0,0.0,-98.0,0.0,0,-97,0
57,-99.0,0,0,0.0,-98.0,0.0,0,-97,0
58,-99.0,0,0,0.0,-98.0,0.0,0,-97,0
59,-99.0,0,0,0.0,-98.0,0.0,0,-97,0
60,-99.0,0,0,0.0,-98.0,0.0,0,-97,0
61,-99.0,0,0,0.0,-98.0,0.0,0,-97,0
62,-99.0,0,0,0.0,-98.0,0.0,0,-97,0
63,-99.0,0,0,0.0,-98.0,0.0,0,-97,0
64,-99.0,0,0,0.0,-98.0,0.0,0,-97,0
65,-99.0,0,0,0.0,-98.0,0.0,0,-97,0
66,-99.0,0,0,0.0,-98.0,0.0,0,-97,0
67,-99.0,0,0,0.0,-98.0,0.0,0,-97,0
68,-99.0,0,0,0.0,-98.0,0.0,0,-97,0
69,-99.0,0,0,0.0,-98.0,0.0,0,-97,0
70,-99.0,0,0,0.0,-98.0,0.0,0,-97,0
71,-99.0,0,0,0.0,-98.0,0.0,0,-97,0
72,-99.0,0,0,0.0,-98.0,0.0,0,-97,0
73,-99.0,0,0,0.0,-98.0,0.0,0,-97,0
74,-99.0,0,0,0.0,-98.0,0.0,0,-97,0
75,-99.0,0,0,0.0,-98.0,0.0,0,-97,0
76,-99.0,0,0,0.0,-98.0,0.0,0,-97,0
77,-99.0,0,0,0.0,-98.0,0.0,0,-97,0
78,-99.0,0,0,0.0,-98.0,0.0,0,-97,0
79,-99.0,0,0,0.0,-98.0,0.0,0,-97,0
80,-99.0,0,0,0.0,-98.0,0.0,0,-97,0
81,-99.0,0,0,0.0,-98.0,0.0,0,-97,0
82,-99.0,0,0,0.0,-98.0,0.0,0,-97,0
83,-99.0,0,0,0.0,-98.0,0.0,0,-97,0
84,-99.0,0,0,0.0,-98.0,0.0,0,-97,0
85,-99.0,0,0,0.0,-98.0,0.0,0,-97,0
86,-99.0,0,0,0.0,-98.0,0.0,0,-97,0
87,-99.0,0,0,0.0,-98.0,0.0,0,-97,0
88,-99.0,0,0,0.0,-98.0,0.0,0,-97,0
89,-99.0,0,0,0.0,-98.0,0.0,0,-97,0
90,-99.0,0,0,0.0,-98.0,0.0,0,-97,0
91,-99.0,0,0,0.0,-98.0,0.0,0,-97,0
92,-99.0,0,0,0.0,-98.0,0.0,0,-97,0
93,-99.0,0,0,0.0,-98.0,0.0,0,-97,0
94,-99.0,0,0,0.0,-98.0,0.0,0,-97,0
95,-99.0,0,0,0.0,-98.0,0.0,0,-97,0
96,-99.0,0,0,0.0,-98.0,0.0,0,-97,0
97,-99.0,0,0,0.0,-98.0,0.0,0,-97,0
98,-99.0,0,0,0.0,-98.0,0.0,0,-97,0
99,-99.0,0,0,0.0,-98.0,0.0,0,-97,0
100,-99.0,0,0,0.0,-98.0,0.0,0,-97,0
101,-99.0,0,0,0.0,-98.0,0.0,0,-97,0
102,-99.0,0,0,0.0,-98.0,0.0,0,-97,0
103,-99.0,0,0,0.0,-98.0,0.0,0,-97,0
104,-99.0,0,0,0.0,-98.0,0.0,0,-97,0
105,-99.0,0,0,0.0,-98.0,0.0,0,-97,0
106,-99.0,0,0,0.0,-98.0,0.0,0,-97,0
107,-99.0,0,0,0.0,-98.0,0.0,0,-97,0
108,-99.0,0,0,0.0,-98.0,0.0,0,-97,0
109,-99.0,0,0,0.0,-98.0,0.0,0,-97,0
110,-99.0,0,0,0.0,-98.0,0.0,0,-97,0
111,-99.0,0,0,0.0,-98.0,0.0,0,-97,0
112,-99.0,0,0,0.0,-98.0,0.0,0,-97,0
113,-99.0,0,0,0.0,-98.0,0.0,0,-97,0
114,-99.0,0,0,0.0,-98.0,0.0,0,-97,0
115,-99.0,0,0,0.0,-98.0,0.0,0,-97,0
116,-99.0,0,0,0.0,-98.0,0.0,0,-97,0
117,-99.0,0,0,0.0,-98.0,0.0,0,-97,0
118,-99.0,0,0,0.0,-98.0,0.0,0,-97,0
119,-99.0,0,0,0.0,-98.0,0.0,0,-97,0
120,-99.0,0,0,0.0,-98.0,0.0,0,-97,0
121,-99.0,0,0,0.0,-98.0,0.0,0,-97,0
122,-99.0,0,0,0.0,-98.0,0.0,0,-97,0
123,-99.0,0,0,0.0,-98.0,0.0,0,-97,0
124,-99.0,0,0,0.0,-98.0,0.0,0,-97,0
125,-99.0,0,0,0.0,-98.0,0.0,0,-97,0
126,-99.0,0,0,0.0,-98.0,0.0,0,-97,0
127,-99.0,0,0,0.0,-98.0,0.0,0,-97,0
128,-99.0,0,0,0.0,-98.0,0.0,0,-97,0
129,-99.0,0,0,0.0,-98.0,0.0,0,-97,0
130,-99.0,0,0,0.0,-98.0,0.0,0,-97,0
131,-99.0,0,0,0.0,-98.0,0.0,0,-97,0
132,-99.0,0,0,0.0,-98.0,0.0,0,-97,0
133,-99.0,0,0,0.0,-98.0,0.0,0,-97,0
134,-99.0,0,0,0.0,-98.0,0.0,0,-97,0
135,-99.0,0,0,0.0,-98.0,0.0,0,-97,0
136,-99.0,0,0,0.0,-98.0,0.0,0,-97,0
137,-99.0,0,0,0.0,-98.0,0.0,0,-97,0
138,-99.0,0,0,0.0,-98.0,0.0,0,-97,0
139,-99.0,0,0,0.0,-98.0,0.0,0,-97,0
140,-99.0,0,0,0.0,-98.0,0.0,0,-97,0
141,-99.0,0,0,0.0,-98.0,0.0,0,-97,0
142,-99.0,0,0,0.0,-98.0,0.0,0,-97,0
143,-99.0,0,0,0.0,-98.0,0.0,0,-97,0
144,-99.0,0,0,0.0,-98.0,0.0,0,-97,0
145,-99.0,0,0,0.0,-98.0,0.0,0,-97,0
146,-99.0,0,0,0.0,-98.0,0.0,0,-97,0
147,-99.0,0,0,0.0,-98.0,0.0,0,-97,0
148,-99.0,0,0,0.0,-98.0,0.0,0,-97,0
149,-99.0,0,0,0.0,-98.0,0.0,0,-97,0
150,-99.0,0,0,0.0,-98.0,0.0,0,-97,0
151,-99.0,0,0,0.0,-98.0,0.0,0,-97,0
152,-99.0,0,0,0.0,-98.0,0.0,0,-97,0
153,-99.0,0,0,0.0,-98.0,0.0,0,-97,0
154,-99.0,0,0,0.0,-98.0,0.0,0,-97,0
155,-99.0,0,0,0.0,-98.0,0.0,0,-97,0
156,-99.0,0,0,0.0,-98.0,0.0,0,-97,0
157,-99.0,0,0,0.0,-98.0,0.0,0,-97,0
158,-99.0,0,0,0.0,-98.0,0.0,0,-97,0
159,-99.0,0,0,0.0,-98.0,0.0,0,-97,0
160,-99.0,0,0,0.0,-98.0,0.0,0,-97,0
161,-99.0,0,0,0.0,-98.0,0.0,0,-97,0
162,-99.0,0,0,0.0,-98.0,0.0,0,-97,0
163,-99.0,0,0,0.0,-98.0,0.0,0,-97,0
164,-99.0,0,0,0.0,-98.0,0.0,0,-97,0
165,-99.0,0,0,0.0,-98.0,0.0,0,-97,0
166,-99.0,0,0,0.0,-98.0,0.0,0,-97,0
167,-99.0,0,0,0.0,-98.0,0.0,0,-97,0
168,-99.0,0,0,0.0,-98.0,0.0,0,-97,0
169,-99.0,0,0,0.0,-98.0,0.0,0,-97,0
170,-99.0,0,0,0.0,-98.0,0.0,0,-97,0
171,-99.0,0,0,0.0,-98.0,0.0,0,-97,0
172,-99.0,0,0,0.0,-98.0,0.0,0,-97,0
173,-99.0,0,0,0.0,-98.0,0.0,0,-97,0
174,-99.0,0,0,0.0,-98.0,0.0,0,-97,0
175,-99.0,0,0,0.0,-98.0,0.0,0,-97,0
176,-99.0,0,0,0.0,-98.0,0.0,0,-97,0
177,-99.0,0,0,0.0,-98.0,0.0,0,-97,0
178,-99.0,0,0,0.0,-98.0,0.0,0,-97,0
179,-99.0,0,0,0.0,-98.0,0.0,0,-97,0
180,-99.0,0,0,0.0,-98.0,0.0,0,-97,0
181,-99.0,0,0,0.0,-98.0,0.0,0,-97,0
182,-99.0,0,0,0.0,-98.0,0.0,0,-97,0
183,-99.0,0,0,0.0,-98.0,0.0,0,-97,0
184,-99.0,0,0,0.0,-98.0,0.0,0,-97,0
185,-99.0,0,0,0.0,-98.0,0.0,0,-97,0
186,-99.0,0,0,0.0,-98.0,0.0,0,-97,0
187,-99.0,0,0,0.0,-98.0,0.0,0,-97,0
188,-99.0,0,0,0.0,-98.0,0.0,0,-97,0
189,-99.0,0,0,0.0,-98.0,0.0,0,-97,0
190,-99.0,0,0,0.0,-98.0,0.0,0,-97,0
191,-99.0,0,0,0.0,-98.0,0.0,0,-97,0
192,-99.0,0,0,0.0,-98.0,0.0,0,-97,0
193,-99.0,0,0,0.0,-98.0,0.0,0,-97,0
194,-99.0,0,0,0.0,-98.0,0.0,0,-97,0
195,-99.0,0,0,0.0,-98.0,0.0,0,-97,0
196,-99.0,0,0,0.0,-98.0,0.0,0,-97,0
197,-99.0,0,0,0.0,-98.0,0.0,0,-97,0
198,-99.0,0,0,0.0,-98.0,0.0,0,-97,0
199,-99.0,0,0,0.0,-98.0,0.0,0,-97,0
200,-99.0,0,0,0.0,-98.0,0.0,0,-97,0
201,-99.0,0,0,0.0,-98.0,0.0,0,-97,0
202,-99.0,0,0,0.0,-98.0,0.0,0,-97,0
203,-99.0,0,0,0.0,-98.0,0.0,0,-97,0
204,-99.0,0,0,0.0,-98.0,0.0,0,-97,0
205,-99.0,0,0,0.0,-98.0,0.0,0,-97,0
206,-99.0,0,0,0.0,-98.0,0.0,0,-97,0
207,-99.0,0,0,0.0,-98.0,0.0,0,-97,0
208,-99.0,0,0,0.0,-98.0,0.0,0,-97,0
209,-99.0,0,0,0.0,-98.0,0.0,0,-97,0
210,-99.0,0,0,0.0,-98.0,0.0,0,-97,0
211,-99.0,0,0,0.0,-98.0,0.0,0,-97,0
212,-99.0,0,0,0.0,-98.0,0.0,0,-97,0
213,-99.0,0,0,0.0,-98.0,0.0,0,-97,0
214,-99.0,0,0,0.0,-98.0,0.0,0,-97,0
215,-99.0,0,0,0.0,-98.0,0.0,0,-97,0
216,-99.0,0,0,0.0,-98.0,0.0,0,-97,0
217,-99.0,0,0,0.0,-98.0,0.0,0,-97,0
218,-99.0,0,0,0.0,-98.0,0.0,0,-97,0
219,-99.0,0,0,0.0,-98.0,0.0,0,-97,0
220,-99.0,0,0,0.0,-98.0,0.0,0,-97,0
221,-99.0,0,0,0.0,-98.0,0.0,0,-97,0
222,-99.0,0,0,0.0,-98.0,0.0,0,-97,0
223,-99.0,0,0,0.0,-98.0,0.0,0,-97,0
224,-99.0,0,0,0.0,-98.0,0.0,0,-97,0
225,-99.0,0,0,0.0,-98.0,0.0,0,-97,0
226,-99.0,0,0,0.0,-98.0,0.0,0,-97,0
227,-99.0,0,0,0.0,-98.0,0.0,0,-97,0
228,-99.0,0,0,0.0,-98.0,0.0,0,-97,0
229,-99.0,0,0,0.0,-98.0,0.0,0,-97,0
230,-99.0,0,0,0.0,-98.0,0.0,0,-97,0
231,-99.0,0,0,0.0,-98.0,0.0,0,-97,0
232,-99.0,0,0,0.0,-98.0,0.0,0,-97,0
233,-99.0,0,0,0.0,-98.0,0.0,0,-97,0
234,-99.0,0,0,0.0,-98.0,0.0,0,-97,0
235,-99.0,0,0,0.0,-98.0,0.0,0,-97,0
236,-99.0,0,0,0.0,-98.0,0.0,0,-97,0
237,-99.0,0,0,0.0,-98.0,0.0,0,-97,0
238,-99.0,0,0,0.0,-98.0,0.0,0,-97,0
239,-99.0,0,0,0.0,-98.0,0.0,0,-97,0
240,-99.0,0,0,0.0,-98.0,0.0,0,-97,0
241,-99.0,0,0,0.0,-98.0,0.0,0,-97,0
242,-99.0,0,0,0.0,-98.0,0.0,0,-97,0
243,-99.0,0,0,0.0,-98.0,0.0,0,-97,0
244,-99.0,0,0,0.0,-98.0,0.0,0,-97,0
245,-99.0,0,0,0.0,-98.0,0.0,0,-97,0
246,-99.0,0,0,0.0,-98.0,0.0,0,-97,0
247,-99.0,0,0,0.0,-98.0,0.0,0,-97,0
248,-99.0,0,0,0.0,-98.0,0.0,0,-97,0
249,-99.0,0,0,0.0,-98.0,0.0,0,-97,0
250,-99.0,0,0,0.0,-98.0,0.0,0,-97,0
251,-99.0,0,0,0.0,-98.0,0.0,0,-97,0
252,-99.0,0,0,0.0,-98.0,0.0,0,-97,0
253,-99.0,0,0,0.0,-98.0,0.0,0,-97,0
254,-99.0,0,0,0.0,-98.0,0.0,0,-97,0
255,-99.0,0,0,0.0,-98.0,0.0,0,-97,0
256,-99.0,0,0,0.0,-98.0,0.0,0,-97,0
257,-99.0,0,0,0.0,-98.0,0.0,0,-97,0
258,-99.0,0,0,0.0,-98.0,0.0,0,-97,0
259,-99.0,0,0,0.0,-98.0,0.0,0,-97,0
260,-99.0,0,0,0.0,-98.0,0.0,0,-97,0
261,-99.0,0,0,0.0,-98.0,0.0,0,-97,0
262,-99.0,0,0,0.0,-98.0,0.0,0,-97,0
263,-99.0,0,0,0.0,-98.0,0.0,0,-97,0
264,-99.0,0,0,0.0,-98.0,0.0,0,-97,0
265,-99.0,0,0,0.0,-98.0,0.0,0,-97,0
266,-99.0,0,0,0.0,-98.0,0.0,0,-97,0
267,-99.0,0,0,0.0,-98.0,0.0,0,-97,0
268,-99.0,0,0,0.0,-98.0,0.0,0,-97,0
269,-99.0,0,0,0.0,-98.0,0.0,0,-97,0
270,-99.0,0,0,0.0,-98.0,0.0,0,-97,0
271,-99.0,0,0,0.0,-98.0,0.0,0,-97,0
272,-99.0,0,0,0.0,-98.0,0.0,0,-97,0
273,-99.0,0,0,0.0,-98.0,0.0,0,-97,0
274,-99.0,0,0,0.0,-98.0,0.0,0,-97,0
275,-99.0,0,0,0.0,-98.0,0.0,0,-97,0
276,-99.0,0,0,0.0,-98.0,0.0,0,-97,0
277,-99.0,0,0,0.0,-98.0,0.0,0,-97,0
278,-99.0,0,0,0.0,-98.0,0.0,0,-97,0
279,-99.0,0,0,0.0,-98.0,0.0,0,-97,0
280,-99.0,0,0,0.0,-98.0,0.0,0,-97,0
281,-99.0,0,0,0.0,-98.0,0.0,0,-97,0
282,-99.0,0,0,0.0,-98.0,0.0,0,-97,0
283,-99.0,0,0,0.0,-98.0,0.0,0,-97,0
284,-99.0,0,0,0.0,-98.0,0.0,0,-97,0
285,-99.0,0,0,0.0,-98.0,0.0,0,-97,0
286,-99.0,0,0,0.0,-98.0,0.0,0,-97,0
287,-99.0,0,0,0.0,-98.0,0.0,0,-97,0
288,-99.0,0,0,0.0,-98.0,0.0,0,-97,0
289,-99.0,0,0,0.0,-98.0,0.0,0,-97,0
290,-99.0,0,0,0.0,-98.0,0.0,0,-97,0
291,-99.0,0,0,0.0,-98.0,0.0,0,-97,0
292,-99.0,0,0,0.0,-98.0,0.0,0,-97,0
293,-99.0,0,0,0.0,-98.0,0.0,0,-97,0
294,-99.0,0,0,0.0,-98.0,0.0,0,-97,0
295,-99.0,0,0,0.0,-98.0,0.0,0,-97,0
296,-99.0,0,0,0.0,-98.0,0.0,0,-97,0
297,-99.0,0,0,0.0,-98.0,0.0,0,-97,0
298,-99.0,0,0,0.0,-98.0,0.0,0,-97,0
299,-99.0,0,0,0.0,-98.0,0.0,0,-97,0
300,-99.0,0,0,0.0,-98.0,0.0,0,-97,0
301,-99.0,0,0,0.0,-98.0,0.0,0,-97,0
302,-99.0,0,0,0.0,-98.0,0.0,0,-97,0
303,-99.0,0,0,0.0,-98.0,0.0,0,-97,0
304,-99.0,0,0,0.0,-98.0,0.0,0,-97,0
305,-99.0,0,0,0.0,-98.0,0.0,0,-97,0
306,-99.0,0,0,0.0,-98.0,0.0,0,-97,0
307,-99.0,0,0,0.0,-98.0,0.0,0,-97,0
308,-99.0,0,0,0.0,-98.0,0.0,0,-97,0
309,-99.0,0,0,0.0,-98.0,0.0,0,-97,0
310,-99.0,0,0,0.0,-98.0,0.0,0,-97,0
311,-99.0,0,0,0.0,-98.0,0.0,0,-97,0
312,-99.0,0,0,0.0,-98.0,0.0,0,-97,0
313,-99.0,0,0,0.0,-98.0,0.0,0,-97,0
314,-99.0,0,0,0.0,-98.0,0.0,0,-97,0
315,-99.0,0,0,0.0,-98.0,0.0,0,-97,0
316,-99.0,0,0,0.0,-98.0,0.0,0,-97,0
317,-99.0,0,0,0.0,-98.0,0.0,0,-97,0
318,-99.0,0,0,0.0,-98.0,0.0,0,-97,0
319,-99.0,0,0,0.0,-98.0,0.0,0,-97,0
320,-99.0,0,0,0.0,-98.0,0.0,0,-97,0
321,-99.0,0,0,0.0,-98.0,0.0,0,-97,0
322,-99.0,0,0,0.0,-98.0,0.0,0,-97,0
323,-99.0,0,0,0.0,-98.0,0.0,0,-97,0
324,-99.0,0,0,0.0,-98.0,0.0,0,-97,0
325,-99.0,0,0,0.0,-98.0,0.0,0,-97,0
326,-99.0,0,0,0.0,-98.0,0.0,0,-97,0
327,-99.0,0,0,0.0,-98.0,0.0,0,-97,0
328,-99.0,0,0,0.0,-98.0,0.0,0,-97,0
329,-99.0,0,0,0.0,-98.0,0.0,0,-97,0
330,-99.0,0,0,0.0,-98.0,0.0,0,-97,0
331,-99.0,0,0,0.0,-98.0,0.0,0,-97,0
332,-99.0,0,0,0.0,-98.0,0.0,0,-97,0
333,-99.0,0,0,0.0,-98.0,0.0,0,-97,0
334,-99.0,0,0,0.0,-98.0,0.0,0,-97,0
335,-99.0,0,0,0.0,-98.0,0.0,0,-97,0
336,-99.0,0,0,0.0,-98.0,0.0,0,-97,0
337,-99.0,0,0,0.0,-98.0,0.0,0,-97,0
338,-99.0,0,0,0.0,-98.0,0.0,0,-97,0
339,-99.0,0,0,0.0,-98.0,0.0,0,-97,0
340,-99.0,0,0,0.0,-98.0,0.0,0,-97,0
341,-99.0,0,0,0.0,-98.0,0.0,0,-97,0
342,-99.0,0,0,0.0,-98.0,0.0,0,-97,0
343,-99.0,0,0,0.0,-98.0,0.0,0,-97,0
344,-99.0,0,0,0.0,-98.0,0.0,0,-97,0
345,-99.0,0,0,0.0,-98.0,0.0,0,-97,0
346,-99.0,0,0,0.0,-98.0,0.0,0,-97,0
347,-99.0,0,0,0.0,-98.0,0.0,0,-97,0
348,-99.0,0,0,0.0,-98.0,0.0,0,-97,0
349,1.772,1,3,0.191,-98.0,0.0,0,-97,999
350,-99.0,0,0,0.0,-98.0,0.0,0,-97,0
351,-99.0,0,0,0.0,-98.0,0.0,0,-97,0
352,-99.0,0,0,0.0,-98.0,0.0,0,-97,0
353,-99.0,0,0,0.0,-98.0,0.0,0,-97,0
354,-99.0,0,0,0.0,-98.0,0.0,0,-97,0
355,-99.0,0,0,0.0,-98.0,0.0,0,-97,0
356,-99.0,0,0,0.0,-98.0,0.0,0,-97,0
357,-99.0,0,0,0.0,-98.0,0.0,0,-97,0
358,-99.0,0,0,0.0,-98.0,0.0,0,-97,0
359,-99.0,0,0,0.0,-98.0,0.0,0,-97,0
360,-99.0,0,0,0.0,-98.0,0.0,0,-97,0
361,1.072,1,4,0.021,1.074,0.137,3,-97,985
362,-99.0,0,0,0.0,-98.0,0.0,0,-97,0
363,-99.0,0,0,0.0,-98.0,0.0,0,-97,0
364,-99.0,0,0,0.0,-98.0,0.0,0,-97,0
365,-99.0,0,0,0.0,-98.0,0.0,0,-97,0
366,-99.0,0,0,0.0,-98.0,0.0,0,-97,0
367,0.158,1,1,0.366,-98.0,0.0,0,-97,986
368,-99.0,0,0,0.0,-98.0,0.0,0,-97,0
369,-99.0,0,0,0.0,-98.0,0.0,0,-97,0
370,-99.0,0,0,0.0,-98.0,0.0,0,-97,0
371,-99.0,0,0,0.0,-98.0,0.0,0,-97,0
372,-99.0,0,0,0.0,-98.0,0.0,0,-97,0
373,-99.0,0,0,0.0,-98.0,0.0,0,-97,0
374,-99.0,0,0,0.0,-98.0,0.0,0,-97,0
375,-99.0,0,0,0.0,-98.0,0.0,0,-97,0
376,-99.0,0,0,0.0,-98.0,0.0,0,-97,0
377,-99.0,0,0,0.0,-98.0,0.0,0,-97,0
378,-99.0,0,0,0.0,-98.0,0.0,0,-97,0
379,-99.0,0,0,0.0,-98.0,0.0,0,-97,0
380,-99.0,0,0,0.0,-98.0,0.0,0,-97,0
381,-99.0,0,0,0.0,-98.0,0.0,0,-97,0
382,-99.0,0,0,0.0,-98.0,0.0,0,-97,0
383,-99.0,0,0,0.0,-98.0,0.0,0,-97,0
384,-99.0,0,0,0.0,-98.0,0.0,0,-97,0
385,-99.0,0,0,0.0,-98.0,0.0,0,-97,0
386,-99.0,0,0,0.0,-98.0,0.0,0,-97,0
387,-99.0,0,0,0.0,-98.0,0.0,0,-97,0
388,-99.0,0,0,0.0,-98.0,0.0,0,-97,0
389,-99.0,0,0,0.0,-98.0,0.0,0,-97,0
390,-99.0,0,0,0.0,-98.0,0.0,0,-97,0
391,-99.0,0,0,0.0,-98.0,0.0,0,-97,0
392,1.369,1,2,0.187,-98.0,0.0,0,-97,964
393,-99.0,0,0,0.0,-98.0,0.0,0,-97,0
394,-99.0,0,0,0.0,-98.0,0.0,0,-97,0
395,-99.0,0,0,0.0,-98.0,0.0,0,-97,0
396,-99.0,0,0,0.0,-98.0,0.0,0,-97,0
397,-99.0,0,0,0.0,-98.0,0.0,0,-97,0
398,-99.0,0,0,0.0,-98.0,0.0,0,-97,0
399,-99.0,0,0,0.0,-98.0,0.0,0,-97,0
400,1.866,1,2,0.257,-98.0,0.0,0,-97,960
401,-99.0,0,0,0.0,-98.0,0.0,0,-97,0
402,-99.0,0,0,0.0,-98.0,0.0,0,-97,0
403,-99.0,0,0,0.0,-98.0,0.0,0,-97,0
404,1.058,5,99,0.582,-98.0,0.0,0,-97,0
405,-99.0,0,0,0.0,-98.0,0.0,0,-97,0
406,-99.0,0,0,0.0,-98.0,0.0,0,-97,0
407,-0.001,1,6,0.302,-98.0,0.0,0,-97,935
408,-99.0,0,0,0.0,-98.0,0.0,0,-97,0
409,-99.0,0,0,0.0,-98.0,0.0,0,-97,0
410,-99.0,0,0,0.0,-98.0,0.0,0,-97,0
411,-99.0,0,0,0.0,-98.0,0.0,0,-97,0
412,-99.0,0,0,0.0,-98.0,0.0,0,-97,0
413,1.059,3,9,0.17,1.059,0.106,5,-97,0
414,-99.0,0,0,0.0,-98.0,0.0,0,-97,0
415,-99.0,0,0,0.0,-98.0,0.0,0,-97,0
416,-99.0,0,0,0.0,-98.0,0.0,0,-97,0
417,0.844,5,99,0.723,-98.0,0.0,0,-97,0
418,-99.0,0,0,0.0,-98.0,0.0,0,-97,0
419,-99.0,0,0,0.0,-98.0,0.0,0,-97,0
420,1.378,1,2,0.08,-98.0,0.0,0,-97,937
421,-99.0,0,0,0.0,-98.0,0.0,0,-97,0
422,-99.0,0,0,0.0,-98.0,0.0,0,-97,0
423,-99.0,0,0,0.0,-98.0,0.0,0,-97,0
424,1.066,3,9,0.426,1.066,0.386,5,-97,0
425,-99.0,0,0,0.0,-98.0,0.0,0,-97,0
426,-99.0,0,0,0.0,-98.0,0.0,0,-97,0
427,-99.0,0,0,0.0,-98.0,0.0,0,-97,0
428,-99.0,0,0,0.0,-98.0,0.0,0,-97,0
429,-99.0,0,0,0.0,-98.0,0.0,0,-97,0
430,-99.0,0,0,0.0,-98.0,0.0,0,-97,0
431,-99.0,0,0,0.0,-98.0,0.0,0,-97,0
432,-99.0,0,0,0.0,-98.0,0.0,0,-97,0
433,-99.0,0,0,0.0,-98.0,0.0,0,-97,0
434,-99.0,0,0,0.0,-98.0,0.0,0,-97,0
435,-99.0,0,0,0.0,-98.0,0.0,0,-97,0
436,-99.0,0,0,0.0,-98.0,0.0,0,-97,0
437,-99.0,0,0,0.0,-98.0,0.0,0,-97,0
438,-99.0,0,0,0.0,-98.0,0.0,0,-97,0
439,-99.0,0,0,0.0,-98.0,0.0,0,-97,0
440,-99.0,0,0,0.0,-98.0,0.0,0,-97,0
441,-99.0,0,0,0.0,-98.0,0.0,0,-97,0
442,-99.0,0,0,0.0,-98.0,0.0,0,-97,0
443,-99.0,0,0,0.0,-98.0,0.0,0,-97,0
444,-99.0,0,0,0.0,-98.0,0.0,0,-97,0
445,-99.0,0,0,0.0,-98.0,0.0,0,-97,0
446,-99.0,0,0,0.0,-98.0,0.0,0,-97,0
447,-99.0,0,0,0.0,-98.0,0.0,0,-97,0
448,-99.0,0,0,0.0,-98.0,0.0,0,-97,0
449,-99.0,0,0,0.0,-98.0,0.0,0,-97,0
450,-99.0,0,0,0.0,-98.0,0.0,0,-97,0
451,-99.0,0,0,0.0,-98.0,0.0,0,-97,0
452,-99.0,0,0,0.0,-98.0,0.0,0,-97,0
453,-99.0,0,0,0.0,-98.0,0.0,0,-97,0
454,-99.0,0,0,0.0,-98.0,0.0,0,-97,0
455,-99.0,0,0,0.0,-98.0,0.0,0,-97,0
456,-99.0,0,0,0.0,-98.0,0.0,0,-97,0
457,1.039,1,1,0.044,-98.0,0.0,0,-97,907
458,-99.0,0,0,0.0,-98.0,0.0,0,-97,0
459,-99.0,0,0,0.0,-98.0,0.0,0,-97,0
460,-99.0,0,0,0.0,-98.0,0.0,0,-97,0
461,-99.0,0,0,0.0,-98.0,0.0,0,-97,0
462,-99.0,0,0,0.0,-98.0,0.0,0,-97,0
463,-99.0,0,0,0.0,-98.0,0.0,0,-97,0
464,-99.0,0,0,0.0,-98.0,0.0,0,-97,0
465,-99.0,0,0,0.0,-98.0,0.0,0,-97,0
466,-99.0,0,0,0.0,-98.0,0.0,0,-97,0
467,-99.0,0,0,0.0,-98.0,0.0,0,-97,0
468,-99.0,0,0,0.0,-98.0,0.0,0,-97,0
469,1.359,1,3,0.366,-98.0,0.0,0,-97,895
470,-99.0,0,0,0.0,-98.0,0.0,0,-97,0
471,-99.0,0,0,0.0,-98.0,0.0,0,-97,0
472,-99.0,0,0,0.0,-98.0,0.0,0,-97,0
473,-99.0,0,0,0.0,-98.0,0.0,0,-97,0
474,-99.0,0,0,0.0,-98.0,0.0,0,-97,0
475,-99.0,0,0,0.0,-98.0,0.0,0,-97,0
476,-99.0,0,0,0.0,-98.0,0.0,0,-97,0
477,-99.0,0,0,0.0,-98.0,0.0,0,-97,0
478,-99.0,0,0,0.0,-98.0,0.0,0,-97,0
479,-99.0,0,0,0.0,-98.0,0.0,0,-97,0
480,-99.0,0,0,0.0,-98.0,0.0,0,-97,0
481,-99.0,0,0,0.0,-98.0,0.0,0,-97,0
482,-99.0,0,0,0.0,-98.0,0.0,0,-97,0
483,-99.0,0,0,0.0,-98.0,0.0,0,-97,0
484,-99.0,0,0,0.0,-98.0,0.0,0,-97,0
485,1.05,3,9,0.216,1.05,0.235,5,-97,0
486,-99.0,0,0,0.0,-98.0,0.0,0,-97,0
487,-99.0,0,0,0.0,-98.0,0.0,0,-97,0
488,-99.0,0,0,0.0,-98.0,0.0,0,-97,0
489,-99.0,0,0,0.0,-98.0,0.0,0,-97,0
490,-99.0,0,0,0.0,-98.0,0.0,0,-97,0
491,-99.0,0,0,0.0,-98.0,0.0,0,-97,0
492,-99.0,0,0,0.0,-98.0,0.0,0,-97,0
493,-99.0,0,0,0.0,-98.0,0.0,0,-97,0
494,-99.0,0,0,0.0,-98.0,0.0,0,-97,0
495,-99.0,0,0,0.0,-98.0,0.0,0,-97,0
496,-99.0,0,0,0.0,-98.0,0.0,0,-97,0
497,-99.0,0,0,0.0,-98.0,0.0,0,-97,0
498,-99.0,0,0,0.0,-98.0,0.0,0,-97,0
499,-99.0,0,0,0.0,-98.0,0.0,0,-97,0
500,-99.0,0,0,0.0,-98.0,0.0,0,-97,0
501,1.709,1,2,0.295,-98.0,0.0,0,-97,872
502,-99.0,0,0,0.0,-98.0,0.0,0,-97,0
503,-99.0,0,0,0.0,-98.0,0.0,0,-97,0
504,-99.0,0,0,0.0,-98.0,0.0,0,-97,0
505,-99.0,0,0,0.0,-98.0,0.0,0,-97,0
506,-99.0,0,0,0.0,-98.0,0.0,0,-97,0
507,-99.0,0,0,0.0,-98.0,0.0,0,-97,0
508,-99.0,0,0,0.0,-98.0,0.0,0,-97,0
509,-99.0,0,0,0.0,-98.0,0.0,0,-97,0
510,-99.0,0,0,0.0,-98.0,0.0,0,-97,0
511,-99.0,0,0,0.0,-98.0,0.0,0,-97,0
512,-99.0,0,0,0.0,-98.0,0.0,0,-97,0
513,-99.0,0,0,0.0,-98.0,0.0,0,-97,0
514,-99.0,0,0,0.0,-98.0,0.0,0,-97,0
515,-99.0,0,0,0.0,-98.0,0.0,0,-97,0
516,-99.0,0,0,0.0,-98.0,0.0,0,-97,0
517,-99.0,0,0,0.0,-98.0,0.0,0,-97,0
518,-99.0,0,0,0.0,-98.0,0.0,0,-97,0
519,-99.0,0,0,0.0,-98.0,0.0,0,-97,0
520,-99.0,0,0,0.0,-98.0,0.0,0,-97,0
521,-99.0,0,0,0.0,-98.0,0.0,0,-97,0
522,-99.0,0,0,0.0,-98.0,0.0,0,-97,0
523,-99.0,0,0,0.0,-98.0,0.0,0,-97,0
524,-99.0,0,0,0.0,-98.0,0.0,0,-97,0
525,-99.0,0,0,0.0,-98.0,0.0,0,-97,0
526,1.065,1,4,0.043,-98.0,0.0,0,-97,850
527,-99.0,0,0,0.0,-98.0,0.0,0,-97,0
528,-99.0,0,0,0.0,-98.0,0.0,0,-97,0
529,-99.0,0,0,0.0,-98.0,0.0,0,-97,0
530,1.067,1,4,0.207,1.071,0.165,3,-97,845
531,1.059,5,99,0.934,-98.0,0.0,0,-97,0
532,-99.0,0,0,0.0,-98.0,0.0,0,-97,0
533,-99.0,0,0,0.0,-98.0,0.0,0,-97,0
534,0.0,1,1,0.176,-98.0,0.0,0,-97,846
535,-99.0,0,0,0.0,-98.0,0.0,0,-97,0
536,-99.0,0,0,0.0,-98.0,0.0,0,-97,0
537,-99.0,0,0,0.0,-98.0,0.0,0,-97,0
538,-99.0,0,0,0.0,-98.0,0.0,0,-97,0
539,-99.0,0,0,0.0,-98.0,0.0,0,-97,0
540,-99.0,0,0,0.0,-98.0,0.0,0,-97,0
541,-99.0,0,0,0.0,-98.0,0.0,0,-97,0
542,-99.0,0,0,0.0,-98.0,0.0,0,-97,0
543,-99.0,0,0,0.0,-98.0,0.0,0,-97,0
544,-99.0,0,0,0.0,-98.0,0.0,0,-97,0
545,-99.0,0,0,0.0,-98.0,0.0,0,-97,0
546,-99.0,0,0,0.0,-98.0,0.0,0,-97,0
547,-99.0,0,0,0.0,-98.0,0.0,0,-97,0
548,-99.0,0,0,0.0,-98.0,0.0,0,-97,0
549,-99.0,0,0,0.0,-98.0,0.0,0,-97,0
550,-99.0,0,0,0.0,-98.0,0.0,0,-97,0
551,-99.0,0,0,0.0,-98.0,0.0,0,-97,0
552,-99.0,0,0,0.0,-98.0,0.0,0,-97,0
553,-99.0,0,0,0.0,-98.0,0.0,0,-97,0
554,-99.0,0,0,0.0,-98.0,0.0,0,-97,0
555,-99.0,0,0,0.0,-98.0,0.0,0,-97,0
556,-99.0,0,0,0.0,-98.0,0.0,0,-97,0
557,-99.0,0,0,0.0,-98.0,0.0,0,-97,0
558,1.26,1,3,0.116,-98.0,0.0,0,-97,912
559,-99.0,0,0,0.0,-98.0,0.0,0,-97,0
560,-99.0,0,0,0.0,-98.0,0.0,0,-97,0
561,-99.0,0,0,0.0,-98.0,0.0,0,-97,0
562,-99.0,0,0,0.0,-98.0,0.0,0,-97,0
563,-99.0,0,0,0.0,-98.0,0.0,0,-97,0
564,-99.0,0,0,0.0,-98.0,0.0,0,-97,0
565,1.079,1,4,0.102,1.079,0.183,5,-97,813
566,-99.0,0,0,0.0,-98.0,0.0,0,-97,0
567,-99.0,0,0,0.0,-98.0,0.0,0,-97,0
568,-99.0,0,0,0.0,-98.0,0.0,0,-97,0
569,-99.0,0,0,0.0,-98.0,0.0,0,-97,0
570,-99.0,0,0,0.0,-98.0,0.0,0,-97,0
571,-99.0,0,0,0.0,-98.0,0.0,0,-97,0
572,-99.0,0,0,0.0,-98.0,0.0,0,-97,0
573,-99.0,0,0,0.0,-98.0,0.0,0,-97,0
574,1.573,1,3,0.164,-98.0,0.0,0,-97,822
575,-99.0,0,0,0.0,-98.0,0.0,0,-97,0
576,-99.0,0,0,0.0,-98.0,0.0,0,-97,0
577,1.259,1,3,0.336,-98.0,0.0,0,-97,811
578,-99.0,0,0,0.0,-98.0,0.0,0,-97,0
579,-99.0,0,0,0.0,-98.0,0.0,0,-97,0
580,-99.0,0,0,0.0,-98.0,0.0,0,-97,0
581,1.051,1,4,0.065,-98.0,0.0,0,-97,809
582,-99.0,0,0,0.0,-98.0,0.0,0,-97,0
583,-99.0,0,0,0.0,-98.0,0.0,0,-97,0
584,-99.0,0,0,0.0,-98.0,0.0,0,-97,0
585,-99.0,0,0,0.0,-98.0,0.0,0,-97,0
586,-99.0,0,0,0.0,-98.0,0.0,0,-97,0
587,-99.0,0,0,0.0,-98.0,0.0,0,-97,0
588,-99.0,0,0,0.0,-98.0,0.0,0,-97,0
589,-99.0,0,0,0.0,-98.0,0.0,0,-97,0
590,-99.0,0,0,0.0,-98.0,0.0,0,-97,0
591,-99.0,0,0,0.0,-98.0,0.0,0,-97,0
592,-99.0,0,0,0.0,-98.0,0.0,0,-97,0
593,-99.0,0,0,0.0,-98.0,0.0,0,-97,0
594,-99.0,0,0,0.0,-98.0,0.0,0,-97,0
595,-99.0,0,0,0.0,-98.0,0.0,0,-97,0
596,-99.0,0,0,0.0,-98.0,0.0,0,-97,0
597,-99.0,0,0,0.0,-98.0,0.0,0,-97,0
598,-99.0,0,0,0.0,-98.0,0.0,0,-97,0
599,-99.0,0,0,0.0,-98.0,0.0,0,-97,0
600,-99.0,0,0,0.0,-98.0,0.0,0,-97,0
601,-99.0,0,0,0.0,-98.0,0.0,0,-97,0
602,-99.0,0,0,0.0,-98.0,0.0,0,-97,0
603,0.996,1,3,0.041,-98.0,0.0,0,-97,795
604,-99.0,0,0,0.0,-98.0,0.0,0,-97,0
605,0.378,1,1,0.19,-98.0,0.0,0,-97,791
606,-99.0,0,0,0.0,-98.0,0.0,0,-97,0
607,1.073,5,99,0.302,-98.0,0.0,0,-97,0
608,-99.0,0,0,0.0,-98.0,0.0,0,-97,0
609,-99.0,0,0,0.0,-98.0,0.0,0,-97,0
610,-99.0,0,0,0.0,-98.0,0.0,0,-97,0
611,-99.0,0,0,0.0,-98.0,0.0,0,-97,0
612,-99.0,0,0,0.0,-98.0,0.0,0,-97,0
613,-99.0,0,0,0.0,-98.0,0.0,0,-97,0
614,-99.0,0,0,0.0,-98.0,0.0,0,-97,0
615,-99.0,0,0,0.0,-98.0,0.0,0,-97,0
616,-99.0,0,0,0.0,-98.0,0.0,0,-97,0
617,-99.0,0,0,0.0,-98.0,0.0,0,-97,0
618,-99.0,0,0,0.0,-98.0,0.0,0,-97,0
619,-99.0,0,0,0.0,-98.0,0.0,0,-97,0
620,1.055,5,99,0.479,-98.0,0.0,0,-97,0
621,-99.0,0,0,0.0,-98.0,0.0,0,-97,0
622,-99.0,0,0,0.0,-98.0,0.0,0,-97,0
623,-99.0,0,0,0.0,-98.0,0.0,0,-97,0
624,-99.0,0,0,0.0,-98.0,0.0,0,-97,0
625,2.235,1,2,0.433,-98.0,0.0,0,-97,780
626,-99.0,0,0,0.0,-98.0,0.0,0,-97,0
627,-99.0,0,0,0.0,-98.0,0.0,0,-97,0
628,-99.0,0,0,0.0,-98.0,0.0,0,-97,0
629,0.418,1,1,0.097,-98.0,0.0,0,-97,772
630,-99.0,0,0,0.0,-98.0,0.0,0,-97,0
631,-99.0,0,0,0.0,-98.0,0.0,0,-97,0
632,1.542,1,1,0.224,-98.0,0.0,0,-97,770
633,-99.0,0,0,0.0,-98.0,0.0,0,-97,0
634,-99.0,0,0,0.0,-98.0,0.0,0,-97,0
635,-99.0,0,0,0.0,-98.0,0.0,0,-97,0
636,-99.0,0,0,0.0,-98.0,0.0,0,-97,0
637,-99.0,0,0,0.0,-98.0,0.0,0,-97,0
638,-99.0,0,0,0.0,-98.0,0.0,0,-97,0
639,1.068,3,9,0.177,1.068,0.228,5,-97,0
640,-99.0,0,0,0.0,-98.0,0.0,0,-97,0
641,-99.0,0,0,0.0,-98.0,0.0,0,-97,0
642,1.059,1,4,0.162,-98.0,0.0,0,-97,763
643,-99.0,0,0,0.0,-98.0,0.0,0,-97,0
644,-99.0,0,0,0.0,-98.0,0.0,0,-97,0
645,-99.0,0,0,0.0,-98.0,0.0,0,-97,0
646,-99.0,0,0,0.0,-98.0,0.0,0,-97,0
647,-99.0,0,0,0.0,-98.0,0.0,0,-97,0
648,1.063,1,3,0.048,1.066,0.053,3,-97,755
649,-99.0,0,0,0.0,-98.0,0.0,0,-97,0
650,-99.0,0,0,0.0,-98.0,0.0,0,-97,0
651,-99.0,0,0,0.0,-98.0,0.0,0,-97,0
652,-99.0,0,0,0.0,-98.0,0.0,0,-97,0
653,-99.0,0,0,0.0,-98.0,0.0,0,-97,0
654,0.73,5,99,0.131,-98.0,0.0,0,-97,0
655,-99.0,0,0,0.0,-98.0,0.0,0,-97,0
656,-99.0,0,0,0.0,-98.0,0.0,0,-97,0
657,-99.0,0,0,0.0,-98.0,0.0,0,-97,0
658,-99.0,0,0,0.0,-98.0,0.0,0,-97,0
659,-99.0,0,0,0.0,-98.0,0.0,0,-97,0
660,-99.0,0,0,0.0,-98.0,0.0,0,-97,0
661,-99.0,0,0,0.0,-98.0,0.0,0,-97,0
662,1.059,1,4,0.089,1.06,0.453,5,-97,742
663,1.556,1,2,0.216,-98.0,0.0,0,-97,741
664,-99.0,0,0,0.0,-98.0,0.0,0,-97,0
665,-99.0,0,0,0.0,-98.0,0.0,0,-97,0
666,-99.0,0,0,0.0,-98.0,0.0,0,-97,0
667,-99.0,0,0,0.0,-98.0,0.0,0,-97,0
668,-99.0,0,0,0.0,-98.0,0.0,0,-97,0
669,-99.0,0,0,0.0,-98.0,0.0,0,-97,0
670,-99.0,0,0,0.0,-98.0,0.0,0,-97,0
671,-99.0,0,0,0.0,-98.0,0.0,0,-97,0
672,-99.0,0,0,0.0,-98.0,0.0,0,-97,0
673,-99.0,0,0,0.0,-98.0,0.0,0,-97,0
674,-99.0,0,0,0.0,-98.0,0.0,0,-97,0
675,-99.0,0,0,0.0,-98.0,0.0,0,-97,0
676,-99.0,0,0,0.0,-98.0,0.0,0,-97,0
677,-99.0,0,0,0.0,-98.0,0.0,0,-97,0
678,-99.0,0,0,0.0,-98.0,0.0,0,-97,0
679,-99.0,0,0,0.0,-98.0,0.0,0,-97,0
680,-99.0,0,0,0.0,-98.0,0.0,0,-97,0
681,-99.0,0,0,0.0,-98.0,0.0,0,-97,0
682,-99.0,0,0,0.0,-98.0,0.0,0,-97,0
683,-99.0,0,0,0.0,-98.0,0.0,0,-97,0
684,-99.0,0,0,0.0,-98.0,0.0,0,-97,0
685,-99.0,0,0,0.0,-98.0,0.0,0,-97,0
686,-99.0,0,0,0.0,-98.0,0.0,0,-97,0
687,-99.0,0,0,0.0,-98.0,0.0,0,-97,0
688,-99.0,0,0,0.0,-98.0,0.0,0,-97,0
689,-99.0,0,0,0.0,-98.0,0.0,0,-97,0
690,-99.0,0,0,0.0,-98.0,0.0,0,-97,0
691,-99.0,0,0,0.0,-98.0,0.0,0,-97,0
692,-99.0,0,0,0.0,-98.0,0.0,0,-97,0
693,0.378,1,1,0.041,-98.0,0.0,0,-97,727
694,-99.0,0,0,0.0,-98.0,0.0,0,-97,0
695,-99.0,0,0,0.0,-98.0,0.0,0,-97,0
696,-99.0,0,0,0.0,-98.0,0.0,0,-97,0
697,-99.0,0,0,0.0,-98.0,0.0,0,-97,0
698,-99.0,0,0,0.0,-98.0,0.0,0,-97,0
699,-99.0,0,0,0.0,-98.0,0.0,0,-97,0
700,-99.0,0,0,0.0,-98.0,0.0,0,-97,0
701,-99.0,0,0,0.0,-98.0,0.0,0,-97,0
702,-99.0,0,0,0.0,-98.0,0.0,0,-97,0
703,-99.0,0,0,0.0,-98.0,0.0,0,-97,0
704,-99.0,0,0,0.0,-98.0,0.0,0,-97,0
705,-99.0,0,0,0.0,-98.0,0.0,0,-97,0
706,-99.0,0,0,0.0,-98.0,0.0,0,-97,0
707,-99.0,0,0,0.0,-98.0,0.0,0,-97,0
708,-99.0,0,0,0.0,-98.0,0.0,0,-97,0
709,-99.0,0,0,0.0,-98.0,0.0,0,-97,0
710,-99.0,0,0,0.0,-98.0,0.0,0,-97,0
711,-99.0,0,0,0.0,-98.0,0.0,0,-97,0
712,-99.0,0,0,0.0,-98.0,0.0,0,-97,0
713,1.068,1,4,0.055,1.069,0.011,3,-97,709
714,-99.0,0,0,0.0,-98.0,0.0,0,-97,0
715,-99.0,0,0,0.0,-98.0,0.0,0,-97,0
716,-99.0,0,0,0.0,-98.0,0.0,0,-97,0
717,-99.0,0,0,0.0,-98.0,0.0,0,-97,0
718,1.056,1,4,0.117,1.06,0.258,5,-97,702
719,-99.0,0,0,0.0,-98.0,0.0,0,-97,0
720,-99.0,0,0,0.0,-98.0,0.0,0,-97,0
721,1.374,1,3,0.143,-98.0,0.0,0,-97,706
722,-99.0,0,0,0.0,-98.0,0.0,0,-97,0
723,-99.0,0,0,0.0,-98.0,0.0,0,-97,0
724,-99.0,0,0,0.0,-98.0,0.0,0,-97,0
725,1.119,1,2,0.136,-98.0,0.0,0,-97,701
726,-99.0,0,0,0.0,-98.0,0.0,0,-97,0
727,-99.0,0,0,0.0,-98.0,0.0,0,-97,0
728,1.07,1,4,0.081,-98.0,0.0,0,-97,699
729,-99.0,0,0,0.0,-98.0,0.0,0,-97,0
730,-99.0,0,0,0.0,-98.0,0.0,0,-97,0
731,-99.0,0,0,0.0,-98.0,0.0,0,-97,0
732,-99.0,0,0,0.0,-98.0,0.0,0,-97,0
733,-99.0,0,0,0.0,-98.0,0.0,0,-97,0
734,-99.0,0,0,0.0,-98.0,0.0,0,-97,0
735,-99.0,0,0,0.0,-98.0,0.0,0,-97,0
736,-99.0,0,0,0.0,-98.0,0.0,0,-97,0
737,1.138,1,3,0.087,-98.0,0.0,0,-97,693
738,-99.0,0,0,0.0,-98.0,0.0,0,-97,0
739,-99.0,0,0,0.0,-98.0,0.0,0,-97,0
740,-99.0,0,0,0.0,-98.0,0.0,0,-97,0
741,-99.0,0,0,0.0,-98.0,0.0,0,-97,0
742,-99.0,0,0,0.0,-98.0,0.0,0,-97,0
743,-99.0,0,0,0.0,-98.0,0.0,0,-97,0
744,-99.0,0,0,0.0,-98.0,0.0,0,-97,0
745,-99.0,0,0,0.0,-98.0,0.0,0,-97,0
746,-99.0,0,0,0.0,-98.0,0.0,0,-97,0
747,-99.0,0,0,0.0,-98.0,0.0,0,-97,0
748,-99.0,0,0,0.0,-98.0,0.0,0,-97,0
749,1.068,5,99,0.794,-98.0,0.0,0,-97,0
750,-99.0,0,0,0.0,-98.0,0.0,0,-97,0
751,-99.0,0,0,0.0,-98.0,0.0,0,-97,0
752,-99.0,0,0,0.0,-98.0,0.0,0,-97,0
753,-99.0,0,0,0.0,-98.0,0.0,0,-97,0
754,-99.0,0,0,0.0,-98.0,0.0,0,-97,0
755,-99.0,0,0,0.0,-98.0,0.0,0,-97,0
756,1.065,1,3,0.112,-98.0,0.0,0,-97,680
757,-99.0,0,0,0.0,-98.0,0.0,0,-97,0
758,-99.0,0,0,0.0,-98.0,0.0,0,-97,0
759,-99.0,0,0,0.0,-98.0,0.0,0,-97,0
760,0.816,1,2,0.215,-98.0,0.0,0,-97,675
761,-99.0,0,0,0.0,-98.0,0.0,0,-97,0
762,-99.0,0,0,0.0,-98.0,0.0,0,-97,0
763,-99.0,0,0,0.0,-98.0,0.0,0,-97,0
764,0.61,1,1,0.216,-98.0,0.0,0,-97,672
765,-99.0,0,0,0.0,-98.0,0.0,0,-97,0
766,-99.0,0,0,0.0,-98.0,0.0,0,-97,0
767,-99.0,0,0,0.0,-98.0,0.0,0,-97,0
768,-99.0,0,0,0.0,-98.0,0.0,0,-97,0
769,-99.0,0,0,0.0,-98.0,0.0,0,-97,0
770,1.079,5,99,0.148,-98.0,0.0,0,-97,0
771,1.08,5,99,0.132,-98.0,0.0,0,-97,0
772,-99.0,0,0,0.0,-98.0,0.0,0,-97,0
773,-99.0,0,0,0.0,-98.0,0.0,0,-97,0
774,-99.0,0,0,0.0,-98.0,0.0,0,-97,0
775,-99.0,0,0,0.0,-98.0,0.0,0,-97,0
776,-99.0,0,0,0.0,-98.0,0.0,0,-97,0
777,-99.0,0,0,0.0,-98.0,0.0,0,-97,0
778,-99.0,0,0,0.0,-98.0,0.0,0,-97,0
779,-99.0,0,0,0.0,-98.0,0.0,0,-97,0
780,-99.0,0,0,0.0,-98.0,0.0,0,-97,0
781,1.099,5,99,0.135,-98.0,0.0,0,-97,0
782,-99.0,0,0,0.0,-98.0,0.0,0,-97,0
783,1.065,3,9,0.132,1.065,0.06,5,-97,0
784,-99.0,0,0,0.0,-98.0,0.0,0,-97,0
785,-99.0,0,0,0.0,-98.0,0.0,0,-97,0
786,1.066,1,4,0.102,1.07,0.267,5,-97,609
787,1.061,1,4,0.353,1.068,0.474,5,-97,633
788,-99.0,0,0,0.0,-98.0,0.0,0,-97,0
789,1.584,1,2,0.284,-98.0,0.0,0,-97,664
790,-99.0,0,0,0.0,-98.0,0.0,0,-97,0
791,1.543,1,2,0.299,-98.0,0.0,0,-97,658
792,-99.0,0,0,0.0,-98.0,0.0,0,-97,0
793,-99.0,0,0,0.0,-98.0,0.0,0,-97,0
794,1.313,1,3,0.247,-98.0,0.0,0,-97,656
795,-99.0,0,0,0.0,-98.0,0.0,0,-97,0
796,-99.0,0,0,0.0,-98.0,0.0,0,-97,0
797,-99.0,0,0,0.0,-98.0,0.0,0,-97,0
798,-99.0,0,0,0.0,-98.0,0.0,0,-97,0
799,-99.0,0,0,0.0,-98.0,0.0,0,-97,0
800,-99.0,0,0,0.0,-98.0,0.0,0,-97,0
801,-99.0,0,0,0.0,-98.0,0.0,0,-97,0
802,-99.0,0,0,0.0,-98.0,0.0,0,-97,0
803,-99.0,0,0,0.0,-98.0,0.0,0,-97,0
804,-99.0,0,0,0.0,-98.0,0.0,0,-97,0
805,-99.0,0,0,0.0,-98.0,0.0,0,-97,0
806,-99.0,0,0,0.0,-98.0,0.0,0,-97,0
807,-99.0,0,0,0.0,-98.0,0.0,0,-97,0
808,-99.0,0,0,0.0,-98.0,0.0,0,-97,0
809,-99.0,0,0,0.0,-98.0,0.0,0,-97,0
810,-99.0,0,0,0.0,-98.0,0.0,0,-97,0
811,-99.0,0,0,0.0,-98.0,0.0,0,-97,0
812,-99.0,0,0,0.0,-98.0,0.0,0,-97,0
813,-99.0,0,0,0.0,-98.0,0.0,0,-97,0
814,-99.0,0,0,0.0,-98.0,0.0,0,-97,0
815,-99.0,0,0,0.0,-98.0,0.0,0,-97,0
816,-99.0,0,0,0.0,-98.0,0.0,0,-97,0
817,1.061,1,3,0.084,-98.0,0.0,0,-97,641
818,1.514,1,2,0.29,-98.0,0.0,0,-97,640
819,-99.0,0,0,0.0,-98.0,0.0,0,-97,0
820,-99.0,0,0,0.0,-98.0,0.0,0,-97,0
821,-99.0,0,0,0.0,-98.0,0.0,0,-97,0
822,-99.0,0,0,0.0,-98.0,0.0,0,-97,0
823,1.063,5,99,0.517,-98.0,0.0,0,-97,0
824,-99.0,0,0,0.0,-98.0,0.0,0,-97,0
825,-99.0,0,0,0.0,-98.0,0.0,0,-97,0
826,-99.0,0,0,0.0,-98.0,0.0,0,-97,0
827,-99.0,0,0,0.0,-98.0,0.0,0,-97,0
828,-99.0,0,0,0.0,-98.0,0.0,0,-97,0
829,-99.0,0,0,0.0,-98.0,0.0,0,-97,0
830,-99.0,0,0,0.0,-98.0,0.0,0,-97,0
831,-99.0,0,0,0.0,-98.0,0.0,0,-97,0
832,-99.0,0,0,0.0,-98.0,0.0,0,-97,0
833,-99.0,0,0,0.0,-98.0,0.0,0,-97,0
834,1.067,5,99,0.324,-98.0,0.0,0,-97,0
835,-99.0,0,0,0.0,-98.0,0.0,0,-97,0
836,-99.0,0,0,0.0,-98.0,0.0,0,-97,0
837,-99.0,0,0,0.0,-98.0,0.0,0,-97,0
838,-99.0,0,0,0.0,-98.0,0.0,0,-97,0
839,-99.0,0,0,0.0,-98.0,0.0,0,-97,0
840,-99.0,0,0,0.0,-98.0,0.0,0,-97,0
841,-99.0,0,0,0.0,-98.0,0.0,0,-97,0
842,1.001,5,99,0.077,-98.0,0.0,0,-97,0
843,-99.0,0,0,0.0,-98.0,0.0,0,-97,0
844,-99.0,0,0,0.0,-98.0,0.0,0,-97,0
845,-99.0,0,0,0.0,-98.0,0.0,0,-97,0
846,-99.0,0,0,0.0,-98.0,0.0,0,-97,0
847,-99.0,0,0,0.0,-98.0,0.0,0,-97,0
848,-99.0,0,0,0.0,-98.0,0.0,0,-97,0
849,-99.0,0,0,0.0,-98.0,0.0,0,-97,0
850,-99.0,0,0,0.0,-98.0,0.0,0,-97,0
851,-99.0,0,0,0.0,-98.0,0.0,0,-97,0
852,-99.0,0,0,0.0,-98.0,0.0,0,-97,0
853,-99.0,0,0,0.0,-98.0,0.0,0,-97,0
854,-99.0,0,0,0.0,-98.0,0.0,0,-97,0
855,-99.0,0,0,0.0,-98.0,0.0,0,-97,0
856,-99.0,0,0,0.0,-98.0,0.0,0,-97,0
857,1.064,1,3,0.177,-98.0,0.0,0,-97,607
858,-99.0,0,0,0.0,-98.0,0.0,0,-97,0
859,-99.0,0,0,0.0,-98.0,0.0,0,-97,0
860,-99.0,0,0,0.0,-98.0,0.0,0,-97,0
861,-99.0,0,0,0.0,-98.0,0.0,0,-97,0
862,-99.0,0,0,0.0,-98.0,0.0,0,-97,0
863,1.062,3,9,0.073,1.062,0.125,5,-97,0
864,-99.0,0,0,0.0,-98.0,0.0,0,-97,0
865,1.069,5,99,0.388,-98.0,0.0,0,-97,0
866,-99.0,0,0,0.0,-98.0,0.0,0,-97,0
867,-99.0,0,0,0.0,-98.0,0.0,0,-97,0
868,-99.0,0,0,0.0,-98.0,0.0,0,-97,0
869,-99.0,0,0,0.0,-98.0,0.0,0,-97,0
870,-99.0,0,0,0.0,-98.0,0.0,0,-97,0
871,-99.0,0,0,0.0,-98.0,0.0,0,-97,0
872,-99.0,0,0,0.0,-98.0,0.0,0,-97,0
873,-99.0,0,0,0.0,-98.0,0.0,0,-97,0
874,-99.0,0,0,0.0,-98.0,0.0,0,-97,0
875,-99.0,0,0,0.0,-98.0,0.0,0,-97,0
876,-99.0,0,0,0.0,-98.0,0.0,0,-97,0
877,-99.0,0,0,0.0,-98.0,0.0,0,-97,0
878,1.077,3,9,0.112,1.077,0.064,5,-97,0
879,1.074,5,99,0.062,-98.0,0.0,0,-97,0
880,-99.0,0,0,0.0,-98.0,0.0,0,-97,0
881,-99.0,0,0,0.0,-98.0,0.0,0,-97,0
882,-99.0,0,0,0.0,-98.0,0.0,0,-97,0
883,-99.0,0,0,0.0,-98.0,0.0,0,-97,0
884,-99.0,0,0,0.0,-98.0,0.0,0,-97,0
885,-99.0,0,0,0.0,-98.0,0.0,0,-97,0
886,-99.0,0,0,0.0,-98.0,0.0,0,-97,0
887,-99.0,0,0,0.0,-98.0,0.0,0,-97,0
888,-99.0,0,0,0.0,-98.0,0.0,0,-97,0
889,-99.0,0,0,0.0,-98.0,0.0,0,-97,0
890,-99.0,0,0,0.0,-98.0,0.0,0,-97,0
891,-99.0,0,0,0.0,-98.0,0.0,0,-97,0
892,-99.0,0,0,0.0,-98.0,0.0,0,-97,0
893,-99.0,0,0,0.0,-98.0,0.0,0,-97,0
894,1.071,5,99,0.454,-98.0,0.0,0,-97,0
895,-99.0,0,0,0.0,-98.0,0.0,0,-97,0
896,-99.0,0,0,0.0,-98.0,0.0,0,-97,0
897,-99.0,0,0,0.0,-98.0,0.0,0,-97,0
898,-99.0,0,0,0.0,-98.0,0.0,0,-97,0
899,1.072,1,4,0.083,-98.0,0.0,0,-97,581
900,1.071,3,9,0.145,1.071,0.114,5,-97,0
901,-99.0,0,0,0.0,-98.0,0.0,0,-97,0
902,-99.0,0,0,0.0,-98.0,0.0,0,-97,0
903,-99.0,0,0,0.0,-98.0,0.0,0,-97,0
904,-99.0,0,0,0.0,-98.0,0.0,0,-97,0
905,-99.0,0,0,0.0,-98.0,0.0,0,-97,0
906,-99.0,0,0,0.0,-98.0,0.0,0,-97,0
907,-99.0,0,0,0.0,-98.0,0.0,0,-97,0
908,1.052,3,9,0.058,1.052,0.297,5,-97,0
909,-99.0,0,0,0.0,-98.0,0.0,0,-97,0
910,-99.0,0,0,0.0,-98.0,0.0,0,-97,0
911,-99.0,0,0,0.0,-98.0,0.0,0,-97,0
912,-99.0,0,0,0.0,-98.0,0.0,0,-97,0
913,-99.0,0,0,0.0,-98.0,0.0,0,-97,0
914,-99.0,0,0,0.0,-98.0,0.0,0,-97,0
915,-99.0,0,0,0.0,-98.0,0.0,0,-97,0
916,-99.0,0,0,0.0,-98.0,0.0,0,-97,0
917,-99.0,0,0,0.0,-98.0,0.0,0,-97,0
918,-99.0,0,0,0.0,-98.0,0.0,0,-97,0
919,-99.0,0,0,0.0,-98.0,0.0,0,-97,0
920,-99.0,0,0,0.0,-98.0,0.0,0,-97,0
921,1.076,5,99,0.445,-98.0,0.0,0,-97,0
922,1.528,1,3,0.079,-98.0,0.0,0,-97,564
923,-99.0,0,0,0.0,-98.0,0.0,0,-97,0
924,-99.0,0,0,0.0,-98.0,0.0,0,-97,0
925,-99.0,0,0,0.0,-98.0,0.0,0,-97,0
926,1.085,5,99,0.108,-98.0,0.0,0,-97,0
927,-99.0,0,0,0.0,-98.0,0.0,0,-97,0
928,-99.0,0,0,0.0,-98.0,0.0,0,-97,0
929,-99.0,0,0,0.0,-98.0,0.0,0,-97,0
930,-99.0,0,0,0.0,-98.0,0.0,0,-97,0
931,-99.0,0,0,0.0,-98.0,0.0,0,-97,0
932,-99.0,0,0,0.0,-98.0,0.0,0,-97,0
933,-99.0,0,0,0.0,-98.0,0.0,0,-97,0
934,-99.0,0,0,0.0,-98.0,0.0,0,-97,0
935,-99.0,0,0,0.0,-98.0,0.0,0,-97,0
936,-99.0,0,0,0.0,-98.0,0.0,0,-97,0
937,-99.0,0,0,0.0,-98.0,0.0,0,-97,0
938,1.301,1,4,0.256,-98.0,0.0,0,-97,555
939,-99.0,0,0,0.0,-98.0,0.0,0,-97,0
940,-99.0,0,0,0.0,-98.0,0.0,0,-97,0
941,-99.0,0,0,0.0,-98.0,0.0,0,-97,0
942,-99.0,0,0,0.0,-98.0,0.0,0,-97,0
943,-99.0,0,0,0.0,-98.0,0.0,0,-97,0
944,-99.0,0,0,0.0,-98.0,0.0,0,-97,0
945,-99.0,0,0,0.0,-98.0,0.0,0,-97,0
946,-99.0,0,0,0.0,-98.0,0.0,0,-97,0
947,-99.0,0,0,0.0,-98.0,0.0,0,-97,0
948,-99.0,0,0,0.0,-98.0,0.0,0,-97,0
949,-99.0,0,0,0.0,-98.0,0.0,0,-97,0
950,-99.0,0,0,0.0,-98.0,0.0,0,-97,0
951,-99.0,0,0,0.0,-98.0,0.0,0,-97,0
952,-99.0,0,0,0.0,-98.0,0.0,0,-97,0
953,-99.0,0,0,0.0,-98.0,0.0,0,-97,0
954,-99.0,0,0,0.0,-98.0,0.0,0,-97,0
955,-99.0,0,0,0.0,-98.0,0.0,0,-97,0
956,-99.0,0,0,0.0,-98.0,0.0,0,-97,0
957,-99.0,0,0,0.0,-98.0,0.0,0,-97,0
958,-99.0,0,0,0.0,-98.0,0.0,0,-97,0
959,-99.0,0,0,0.0,-98.0,0.0,0,-97,0
960,-99.0,0,0,0.0,-98.0,0.0,0,-97,0
961,-99.0,0,0,0.0,-98.0,0.0,0,-97,0
962,1.467,1,2,0.134,-98.0,0.0,0,-97,535
963,-99.0,0,0,0.0,-98.0,0.0,0,-97,0
964,-99.0,0,0,0.0,-98.0,0.0,0,-97,0
965,-99.0,0,0,0.0,-98.0,0.0,0,-97,0
966,-99.0,0,0,0.0,-98.0,0.0,0,-97,0
967,-99.0,0,0,0.0,-98.0,0.0,0,-97,0
968,-99.0,0,0,0.0,-98.0,0.0,0,-97,0
969,-99.0,0,0,0.0,-98.0,0.0,0,-97,0
970,-99.0,0,0,0.0,-98.0,0.0,0,-97,0
971,-99.0,0,0,0.0,-98.0,0.0,0,-97,0
972,-99.0,0,0,0.0,-98.0,0.0,0,-97,0
973,-99.0,0,0,0.0,-98.0,0.0,0,-97,0
974,1.349,1,3,0.076,-98.0,0.0,0,-97,525
975,-99.0,0,0,0.0,-98.0,0.0,0,-97,0
976,-99.0,0,0,0.0,-98.0,0.0,0,-97,0
977,-99.0,0,0,0.0,-98.0,0.0,0,-97,0
978,-99.0,0,0,0.0,-98.0,0.0,0,-97,0
979,-99.0,0,0,0.0,-98.0,0.0,0,-97,0
980,-99.0,0,0,0.0,-98.0,0.0,0,-97,0
981,-99.0,0,0,0.0,-98.0,0.0,0,-97,0
982,1.004,5,99,0.042,-98.0,0.0,0,-97,0
983,-99.0,0,0,0.0,-98.0,0.0,0,-97,0
984,-99.0,0,0,0.0,-98.0,0.0,0,-97,0
985,-99.0,0,0,0.0,-98.0,0.0,0,-97,0
986,-99.0,0,0,0.0,-98.0,0.0,0,-97,0
987,-99.0,0,0,0.0,-98.0,0.0,0,-97,0
988,-99.0,0,0,0.0,-98.0,0.0,0,-97,0
989,1.055,3,9,0.061,1.055,0.318,5,-97,0
990,-99.0,0,0,0.0,-98.0,0.0,0,-97,0
991,-99.0,0,0,0.0,-98.0,0.0,0,-97,0
992,-99.0,0,0,0.0,-98.0,0.0,0,-97,0
993,1.057,3,9,0.116,1.057,0.076,5,-97,0
994,-99.0,0,0,0.0,-98.0,0.0,0,-97,0
995,-99.0,0,0,0.0,-98.0,0.0,0,-97,0
996,-99.0,0,0,0.0,-98.0,0.0,0,-97,0
997,-99.0,0,0,0.0,-98.0,0.0,0,-97,0
998,-99.0,0,0,0.0,-98.0,0.0,0,-97,0
999,-99.0,0,0,0.0,-98.0,0.0,0,-97,0
1000,-99.0,0,0,0.0,-98.0,0.0,0,-97,0
1001,1.065,1,3,0.15,-98.0,0.0,0,-97,502
1002,-99.0,0,0,0.0,-98.0,0.0,0,-97,0
1003,-99.0,0,0,0.0,-98.0,0.0,0,-97,0
1004,-99.0,0,0,0.0,-98.0,0.0,0,-97,0
1005,-99.0,0,0,0.0,-98.0,0.0,0,-97,0
1006,-99.0,0,0,0.0,-98.0,0.0,0,-97,0
1007,-99.0,0,0,0.0,-98.0,0.0,0,-97,0
1008,1.069,3,9,0.208,1.069,0.093,5,-97,0
1009,-99.0,0,0,0.0,-98.0,0.0,0,-97,0
1010,-99.0,0,0,0.0,-98.0,0.0,0,-97,0
1011,-99.0,0,0,0.0,-98.0,0.0,0,-97,0
1012,-99.0,0,0,0.0,-98.0,0.0,0,-97,0
1013,-99.0,0,0,0.0,-98.0,0.0,0,-97,0
1014,-99.0,0,0,0.0,-98.0,0.0,0,-97,0
1015,1.064,1,4,0.121,-98.0,0.0,0,-97,488
1016,-99.0,0,0,0.0,-98.0,0.0,0,-97,0
1017,-99.0,0,0,0.0,-98.0,0.0,0,-97,0
1018,-99.0,0,0,0.0,-98.0,0.0,0,-97,0
1019,-99.0,0,0,0.0,-98.0,0.0,0,-97,0
1020,-99.0,0,0,0.0,-98.0,0.0,0,-97,0
1021,-99.0,0,0,0.0,-98.0,0.0,0,-97,0
1022,-99.0,0,0,0.0,-98.0,0.0,0,-97,0
1023,-99.0,0,0,0.0,-98.0,0.0,0,-97,0
1024,1.376,1,3,0.203,-98.0,0.0,0,-97,485
1025,-99.0,0,0,0.0,-98.0,0.0,0,-97,0
1026,-99.0,0,0,0.0,-98.0,0.0,0,-97,0
1027,-99.0,0,0,0.0,-98.0,0.0,0,-97,0
1028,-99.0,0,0,0.0,-98.0,0.0,0,-97,0
1029,-99.0,0,0,0.0,-98.0,0.0,0,-97,0
1030,-99.0,0,0,0.0,-98.0,0.0,0,-97,0
1031,-99.0,0,0,0.0,-98.0,0.0,0,-97,0
1032,-99.0,0,0,0.0,-98.0,0.0,0,-97,0
1033,-99.0,0,0,0.0,-98.0,0.0,0,-97,0
1034,-99.0,0,0,0.0,-98.0,0.0,0,-97,0
1035,-99.0,0,0,0.0,-98.0,0.0,0,-97,0
1036,-99.0,0,0,0.0,-98.0,0.0,0,-97,0
1037,0.508,5,99,0.242,-98.0,0.0,0,-97,0
1038,-99.0,0,0,0.0,-98.0,0.0,0,-97,0
1039,-99.0,0,0,0.0,-98.0,0.0,0,-97,0
1040,-99.0,0,0,0.0,-98.0,0.0,0,-97,0
1041,-99.0,0,0,0.0,-98.0,0.0,0,-97,0
1042,-99.0,0,0,0.0,-98.0,0.0,0,-97,0
1043,-99.0,0,0,0.0,-98.0,0.0,0,-97,0
1044,-99.0,0,0,0.0,-98.0,0.0,0,-97,0
1045,-99.0,0,0,0.0,-98.0,0.0,0,-97,0
1046,-99.0,0,0,0.0,-98.0,0.0,0,-97,0
1047,-99.0,0,0,0.0,-98.0,0.0,0,-97,0
1048,-99.0,0,0,0.0,-98.0,0.0,0,-97,0
1049,-99.0,0,0,0.0,-98.0,0.0,0,-97,0
1050,-99.0,0,0,0.0,-98.0,0.0,0,-97,0
1051,-99.0,0,0,0.0,-98.0,0.0,0,-97,0
1052,-99.0,0,0,0.0,-98.0,0.0,0,-97,0
1053,-99.0,0,0,0.0,-98.0,0.0,0,-97,0
1054,-99.0,0,0,0.0,-98.0,0.0,0,-97,0
1055,-99.0,0,0,0.0,-98.0,0.0,0,-97,0
1056,-99.0,0,0,0.0,-98.0,0.0,0,-97,0
1057,-99.0,0,0,0.0,-98.0,0.0,0,-97,0
1058,1.539,1,3,0.309,-98.0,0.0,0,-97,455
1059,-99.0,0,0,0.0,-98.0,0.0,0,-97,0
1060,-99.0,0,0,0.0,-98.0,0.0,0,-97,0
1061,-99.0,0,0,0.0,-98.0,0.0,0,-97,0
1062,-99.0,0,0,0.0,-98.0,0.0,0,-97,0
1063,-99.0,0,0,0.0,-98.0,0.0,0,-97,0
1064,-99.0,0,0,0.0,-98.0,0.0,0,-97,0
1065,-99.0,0,0,0.0,-98.0,0.0,0,-97,0
1066,1.078,1,4,0.29,-98.0,0.0,0,-97,434
1067,-99.0,0,0,0.0,-98.0,0.0,0,-97,0
1068,-99.0,0,0,0.0,-98.0,0.0,0,-97,0
1069,-99.0,0,0,0.0,-98.0,0.0,0,-97,0
1070,-99.0,0,0,0.0,-98.0,0.0,0,-97,0
1071,-99.0,0,0,0.0,-98.0,0.0,0,-97,0
1072,-99.0,0,0,0.0,-98.0,0.0,0,-97,0
1073,-99.0,0,0,0.0,-98.0,0.0,0,-97,0
1074,-99.0,0,0,0.0,-98.0,0.0,0,-97,0
1075,-99.0,0,0,0.0,-98.0,0.0,0,-97,0
1076,0.732,5,99,0.162,-98.0,0.0,0,-97,0
1077,-99.0,0,0,0.0,-98.0,0.0,0,-97,0
1078,-99.0,0,0,0.0,-98.0,0.0,0,-97,0
1079,-99.0,0,0,0.0,-98.0,0.0,0,-97,0
1080,-99.0,0,0,0.0,-98.0,0.0,0,-97,0
1081,-99.0,0,0,0.0,-98.0,0.0,0,-97,0
1082,-99.0,0,0,0.0,-98.0,0.0,0,-97,0
1083,-99.0,0,0,0.0,-98.0,0.0,0,-97,0
1084,-99.0,0,0,0.0,-98.0,0.0,0,-97,0
1085,-99.0,0,0,0.0,-98.0,0.0,0,-97,0
1086,-99.0,0,0,0.0,-98.0,0.0,0,-97,0
1087,-99.0,0,0,0.0,-98.0,0.0,0,-97,0
1088,1.07,1,4,0.149,1.071,0.045,3,-97,433
1089,-99.0,0,0,0.0,-98.0,0.0,0,-97,0
1090,-99.0,0,0,0.0,-98.0,0.0,0,-97,0
1091,1.062,1,3,0.18,1.062,0.164,3,-97,445
1092,-99.0,0,0,0.0,-98.0,0.0,0,-97,0
1093,-99.0,0,0,0.0,-98.0,0.0,0,-97,0
1094,-99.0,0,0,0.0,-98.0,0.0,0,-97,0
1095,-99.0,0,0,0.0,-98.0,0.0,0,-97,0
1096,-99.0,0,0,0.0,-98.0,0.0,0,-97,0
1097,-99.0,0,0,0.0,-98.0,0.0,0,-97,0
1098,-99.0,0,0,0.0,-98.0,0.0,0,-97,0
1099,-99.0,0,0,0.0,-98.0,0.0,0,-97,0
1100,-99.0,0,0,0.0,-98.0,0.0,0,-97,0
1101,-99.0,0,0,0.0,-98.0,0.0,0,-97,0
1102,-99.0,0,0,0.0,-98.0,0.0,0,-97,0
1103,-99.0,0,0,0.0,-98.0,0.0,0,-97,0
1104,-99.0,0,0,0.0,-98.0,0.0,0,-97,0
1105,-99.0,0,0,0.0,-98.0,0.0,0,-97,0
1106,-99.0,0,0,0.0,-98.0,0.0,0,-97,0
1107,1.062,5,99,0.317,-98.0,0.0,0,-97,0
1108,-99.0,0,0,0.0,-98.0,0.0,0,-97,0
1109,-99.0,0,0,0.0,-98.0,0.0,0,-97,0
1110,-99.0,0,0,0.0,-98.0,0.0,0,-97,0
1111,1.641,1,3,0.382,-98.0,0.0,0,-97,422
1112,-99.0,0,0,0.0,-98.0,0.0,0,-97,0
1113,-99.0,0,0,0.0,-98.0,0.0,0,-97,0
1114,-99.0,0,0,0.0,-98.0,0.0,0,-97,0
1115,-99.0,0,0,0.0,-98.0,0.0,0,-97,0
1116,-99.0,0,0,0.0,-98.0,0.0,0,-97,0
1117,-99.0,0,0,0.0,-98.0,0.0,0,-97,0
1118,-99.0,0,0,0.0,-98.0,0.0,0,-97,0
1119,-99.0,0,0,0.0,-98.0,0.0,0,-97,0
1120,-99.0,0,0,0.0,-98.0,0.0,0,-97,0
1121,-99.0,0,0,0.0,-98.0,0.0,0,-97,0
1122,-99.0,0,0,0.0,-98.0,0.0,0,-97,0
1123,-99.0,0,0,0.0,-98.0,0.0,0,-97,0
1124,1.067,1,3,0.209,-98.0,0.0,0,-97,411
1125,1.068,3,9,0.351,1.068,0.639,5,-97,0
1126,-99.0,0,0,0.0,-98.0,0.0,0,-97,0
1127,1.081,3,9,0.047,1.081,0.092,5,-97,0
1128,-99.0,0,0,0.0,-98.0,0.0,0,-97,0
1129,-99.0,0,0,0.0,-98.0,0.0,0,-97,0
1130,-99.0,0,0,0.0,-98.0,0.0,0,-97,0
1131,-99.0,0,0,0.0,-98.0,0.0,0,-97,0
1132,-99.0,0,0,0.0,-98.0,0.0,0,-97,0
1133,-99.0,0,0,0.0,-98.0,0.0,0,-97,0
1134,-99.0,0,0,0.0,-98.0,0.0,0,-97,0
1135,-99.0,0,0,0.0,-98.0,0.0,0,-97,0
1136,-99.0,0,0,0.0,-98.0,0.0,0,-97,0
1137,-99.0,0,0,0.0,-98.0,0.0,0,-97,0
1138,1.385,1,3,0.159,-98.0,0.0,0,-97,399
1139,-99.0,0,0,0.0,-98.0,0.0,0,-97,0
1140,-99.0,0,0,0.0,-98.0,0.0,0,-97,0
1141,-99.0,0,0,0.0,-98.0,0.0,0,-97,0
1142,-99.0,0,0,0.0,-98.0,0.0,0,-97,0
1143,-99.0,0,0,0.0,-98.0,0.0,0,-97,0
1144,-99.0,0,0,0.0,-98.0,0.0,0,-97,0
1145,-99.0,0,0,0.0,-98.0,0.0,0,-97,0
1146,-99.0,0,0,0.0,-98.0,0.0,0,-97,0
1147,-99.0,0,0,0.0,-98.0,0.0,0,-97,0
1148,-99.0,0,0,0.0,-98.0,0.0,0,-97,0
1149,0.324,1,1,0.155,-98.0,0.0,0,-97,386
1150,-99.0,0,0,0.0,-98.0,0.0,0,-97,0
1151,-99.0,0,0,0.0,-98.0,0.0,0,-97,0
1152,-99.0,0,0,0.0,-98.0,0.0,0,-97,0
1153,-99.0,0,0,0.0,-98.0,0.0,0,-97,0
1154,-99.0,0,0,0.0,-98.0,0.0,0,-97,0
1155,1.06,1,4,0.203,-98.0,0.0,0,-97,384
1156,-99.0,0,0,0.0,-98.0,0.0,0,-97,0
1157,-99.0,0,0,0.0,-98.0,0.0,0,-97,0
1158,-99.0,0,0,0.0,-98.0,0.0,0,-97,0
1159,1.064,1,4,0.115,1.066,0.064,3,-97,382
1160,-99.0,0,0,0.0,-98.0,0.0,0,-97,0
1161,-99.0,0,0,0.0,-98.0,0.0,0,-97,0
1162,-99.0,0,0,0.0,-98.0,0.0,0,-97,0
1163,-99.0,0,0,0.0,-98.0,0.0,0,-97,0
1164,-99.0,0,0,0.0,-98.0,0.0,0,-97,0
1165,-99.0,0,0,0.0,-98.0,0.0,0,-97,0
1166,-99.0,0,0,0.0,-98.0,0.0,0,-97,0
1167,-99.0,0,0,0.0,-98.0,0.0,0,-97,0
1168,-99.0,0,0,0.0,-98.0,0.0,0,-97,0
1169,2.624,1,1,0.192,-98.0,0.0,0,-97,369
1170,-99.0,0,0,0.0,-98.0,0.0,0,-97,0
1171,-99.0,0,0,0.0,-98.0,0.0,0,-97,0
1172,-99.0,0,0,0.0,-98.0,0.0,0,-97,0
1173,-99.0,0,0,0.0,-98.0,0.0,0,-97,0
1174,-99.0,0,0,0.0,-98.0,0.0,0,-97,0
1175,-99.0,0,0,0.0,-98.0,0.0,0,-97,0
1176,-99.0,0,0,0.0,-98.0,0.0,0,-97,0
1177,-99.0,0,0,0.0,-98.0,0.0,0,-97,0
1178,-99.0,0,0,0.0,-98.0,0.0,0,-97,0
1179,-99.0,0,0,0.0,-98.0,0.0,0,-97,0
1180,-99.0,0,0,0.0,-98.0,0.0,0,-97,0
1181,-99.0,0,0,0.0,-98.0,0.0,0,-97,0
1182,-99.0,0,0,0.0,-98.0,0.0,0,-97,0
1183,-99.0,0,0,0.0,-98.0,0.0,0,-97,0
1184,-99.0,0,0,0.0,-98.0,0.0,0,-97,0
1185,-99.0,0,0,0.0,-98.0,0.0,0,-97,0
1186,-99.0,0,0,0.0,-98.0,0.0,0,-97,0
1187,-99.0,0,0,0.0,-98.0,0.0,0,-97,0
1188,-99.0,0,0,0.0,-98.0,0.0,0,-97,0
1189,-99.0,0,0,0.0,-98.0,0.0,0,-97,0
1190,-99.0,0,0,0.0,-98.0,0.0,0,-97,0
1191,-99.0,0,0,0.0,-98.0,0.0,0,-97,0
1192,-99.0,0,0,0.0,-98.0,0.0,0,-97,0
1193,-99.0,0,0,0.0,-98.0,0.0,0,-97,0
1194,-99.0,0,0,0.0,-98.0,0.0,0,-97,0
1195,-99.0,0,0,0.0,-98.0,0.0,0,-97,0
1196,-99.0,0,0,0.0,-98.0,0.0,0,-97,0
1197,-99.0,0,0,0.0,-98.0,0.0,0,-97,0
1198,-99.0,0,0,0.0,-98.0,0.0,0,-97,0
1199,-99.0,0,0,0.0,-98.0,0.0,0,-97,0
1200,-99.0,0,0,0.0,-98.0,0.0,0,-97,0
1201,-99.0,0,0,0.0,-98.0,0.0,0,-97,0
1202,-99.0,0,0,0.0,-98.0,0.0,0,-97,0
1203,-99.0,0,0,0.0,-98.0,0.0,0,-97,0
1204,-99.0,0,0,0.0,-98.0,0.0,0,-97,0
1205,1.606,1,2,0.204,-98.0,0.0,0,-97,341
1206,-99.0,0,0,0.0,-98.0,0.0,0,-97,0
1207,-99.0,0,0,0.0,-98.0,0.0,0,-97,0
1208,-99.0,0,0,0.0,-98.0,0.0,0,-97,0
1209,-99.0,0,0,0.0,-98.0,0.0,0,-97,0
1210,-99.0,0,0,0.0,-98.0,0.0,0,-97,0
1211,-99.0,0,0,0.0,-98.0,0.0,0,-97,0
1212,-99.0,0,0,0.0,-98.0,0.0,0,-97,0
1213,-99.0,0,0,0.0,-98.0,0.0,0,-97,0
1214,-99.0,0,0,0.0,-98.0,0.0,0,-97,0
1215,1.057,1,2,0.1,-98.0,0.0,0,-97,332
1216,-99.0,0,0,0.0,-98.0,0.0,0,-97,0
1217,-99.0,0,0,0.0,-98.0,0.0,0,-97,0
1218,-99.0,0,0,0.0,-98.0,0.0,0,-97,0
1219,-99.0,0,0,0.0,-98.0,0.0,0,-97,0
1220,-99.0,0,0,0.0,-98.0,0.0,0,-97,0
1221,-99.0,0,0,0.0,-98.0,0.0,0,-97,0
1222,-99.0,0,0,0.0,-98.0,0.0,0,-97,0
1223,-99.0,0,0,0.0,-98.0,0.0,0,-97,0
1224,-99.0,0,0,0.0,-98.0,0.0,0,-97,0
1225,-99.0,0,0,0.0,-98.0,0.0,0,-97,0
1226,-99.0,0,0,0.0,-98.0,0.0,0,-97,0
1227,1.06,1,4,0.089,1.062,0.82,5,-97,327
1228,-99.0,0,0,0.0,-98.0,0.0,0,-97,0
1229,-99.0,0,0,0.0,-98.0,0.0,0,-97,0
1230,-99.0,0,0,0.0,-98.0,0.0,0,-97,0
1231,1.463,1,4,0.071,-98.0,0.0,0,-97,319
1232,-99.0,0,0,0.0,-98.0,0.0,0,-97,0
1233,0.73,5,99,0.076,-98.0,0.0,0,-97,0
1234,-99.0,0,0,0.0,-98.0,0.0,0,-97,0
1235,-99.0,0,0,0.0,-98.0,0.0,0,-97,0
1236,-99.0,0,0,0.0,-98.0,0.0,0,-97,0
1237,-99.0,0,0,0.0,-98.0,0.0,0,-97,0
1238,-99.0,0,0,0.0,-98.0,0.0,0,-97,0
1239,-99.0,0,0,0.0,-98.0,0.0,0,-97,0
1240,-99.0,0,0,0.0,-98.0,0.0,0,-97,0
1241,-99.0,0,0,0.0,-98.0,0.0,0,-97,0
1242,-99.0,0,0,0.0,-98.0,0.0,0,-97,0
1243,-99.0,0,0,0.0,-98.0,0.0,0,-97,0
1244,-99.0,0,0,0.0,-98.0,0.0,0,-97,0
1245,-99.0,0,0,0.0,-98.0,0.0,0,-97,0
1246,-99.0,0,0,0.0,-98.0,0.0,0,-97,0
1247,1.568,1,3,0.196,-98.0,0.0,0,-97,309
1248,-99.0,0,0,0.0,-98.0,0.0,0,-97,0
1249,-99.0,0,0,0.0,-98.0,0.0,0,-97,0
1250,-99.0,0,0,0.0,-98.0,0.0,0,-97,0
1251,0.961,1,2,0.407,-98.0,0.0,0,-97,298
1252,-99.0,0,0,0.0,-98.0,0.0,0,-97,0
1253,-99.0,0,0,0.0,-98.0,0.0,0,-97,0
1254,-99.0,0,0,0.0,-98.0,0.0,0,-97,0
1255,-99.0,0,0,0.0,-98.0,0.0,0,-97,0
1256,-99.0,0,0,0.0,-98.0,0.0,0,-97,0
1257,-99.0,0,0,0.0,-98.0,0.0,0,-97,0
1258,-99.0,0,0,0.0,-98.0,0.0,0,-97,0
1259,-99.0,0,0,0.0,-98.0,0.0,0,-97,0
1260,-99.0,0,0,0.0,-98.0,0.0,0,-97,0
1261,-99.0,0,0,0.0,-98.0,0.0,0,-97,0
1262,-99.0,0,0,0.0,-98.0,0.0,0,-97,0
1263,1.15,1,3,0.111,-98.0,0.0,0,-97,289
1264,-99.0,0,0,0.0,-98.0,0.0,0,-97,0
1265,1.109,1,4,0.149,-98.0,0.0,0,-97,284
1266,-99.0,0,0,0.0,-98.0,0.0,0,-97,0
1267,-99.0,0,0,0.0,-98.0,0.0,0,-97,0
1268,-99.0,0,0,0.0,-98.0,0.0,0,-97,0
1269,-99.0,0,0,0.0,-98.0,0.0,0,-97,0
1270,-99.0,0,0,0.0,-98.0,0.0,0,-97,0
1271,-99.0,0,0,0.0,-98.0,0.0,0,-97,0
1272,-99.0,0,0,0.0,-98.0,0.0,0,-97,0
1273,1.001,1,4,0.172,-98.0,0.0,0,-97,273
1274,-99.0,0,0,0.0,-98.0,0.0,0,-97,0
1275,1.062,1,4,0.055,-98.0,0.0,0,-97,278
1276,0.894,1,3,0.22,-98.0,0.0,0,-97,277
1277,-99.0,0,0,0.0,-98.0,0.0,0,-97,0
1278,-99.0,0,0,0.0,-98.0,0.0,0,-97,0
1279,-99.0,0,0,0.0,-98.0,0.0,0,-97,0
1280,-99.0,0,0,0.0,-98.0,0.0,0,-97,0
1281,-99.0,0,0,0.0,-98.0,0.0,0,-97,0
1282,-99.0,0,0,0.0,-98.0,0.0,0,-97,0
1283,-99.0,0,0,0.0,-98.0,0.0,0,-97,0
1284,-99.0,0,0,0.0,-98.0,0.0,0,-97,0
1285,-99.0,0,0,0.0,-98.0,0.0,0,-97,0
1286,-99.0,0,0,0.0,-98.0,0.0,0,-97,0
1287,-99.0,0,0,0.0,-98.0,0.0,0,-97,0
1288,-99.0,0,0,0.0,-98.0,0.0,0,-97,0
1289,-99.0,0,0,0.0,-98.0,0.0,0,-97,0
1290,-99.0,0,0,0.0,-98.0,0.0,0,-97,0
1291,-99.0,0,0,0.0,-98.0,0.0,0,-97,0
1292,-99.0,0,0,0.0,-98.0,0.0,0,-97,0
1293,-99.0,0,0,0.0,-98.0,0.0,0,-97,0
1294,-99.0,0,0,0.0,-98.0,0.0,0,-97,0
1295,-99.0,0,0,0.0,-98.0,0.0,0,-97,0
1296,-99.0,0,0,0.0,-98.0,0.0,0,-97,0
1297,-99.0,0,0,0.0,-98.0,0.0,0,-97,0
1298,-99.0,0,0,0.0,-98.0,0.0,0,-97,0
1299,-99.0,0,0,0.0,-98.0,0.0,0,-97,0
1300,-99.0,0,0,0.0,-98.0,0.0,0,-97,0
1301,-99.0,0,0,0.0,-98.0,0.0,0,-97,0
1302,-99.0,0,0,0.0,-98.0,0.0,0,-97,0
1303,-99.0,0,0,0.0,-98.0,0.0,0,-97,0
1304,-99.0,0,0,0.0,-98.0,0.0,0,-97,0
1305,-99.0,0,0,0.0,-98.0,0.0,0,-97,0
1306,-99.0,0,0,0.0,-98.0,0.0,0,-97,0
1307,-99.0,0,0,0.0,-98.0,0.0,0,-97,0
1308,-99.0,0,0,0.0,-98.0,0.0,0,-97,0
1309,-99.0,0,0,0.0,-98.0,0.0,0,-97,0
1310,-99.0,0,0,0.0,-98.0,0.0,0,-97,0
1311,-99.0,0,0,0.0,-98.0,0.0,0,-97,0
1312,-99.0,0,0,0.0,-98.0,0.0,0,-97,0
1313,-99.0,0,0,0.0,-98.0,0.0,0,-97,0
1314,1.448,1,3,0.128,-98.0,0.0,0,-97,247
1315,-99.0,0,0,0.0,-98.0,0.0,0,-97,0
1316,-99.0,0,0,0.0,-98.0,0.0,0,-97,0
1317,-99.0,0,0,0.0,-98.0,0.0,0,-97,0
1318,-99.0,0,0,0.0,-98.0,0.0,0,-97,0
1319,-99.0,0,0,0.0,-98.0,0.0,0,-97,0
1320,-99.0,0,0,0.0,-98.0,0.0,0,-97,0
1321,-99.0,0,0,0.0,-98.0,0.0,0,-97,0
1322,-99.0,0,0,0.0,-98.0,0.0,0,-97,0
1323,-99.0,0,0,0.0,-98.0,0.0,0,-97,0
1324,-99.0,0,0,0.0,-98.0,0.0,0,-97,0
1325,-99.0,0,0,0.0,-98.0,0.0,0,-97,0
1326,1.335,1,2,0.281,-98.0,0.0,0,-97,237
1327,1.062,1,3,0.159,1.064,0.142,5,-97,239
1328,-99.0,0,0,0.0,-98.0,0.0,0,-97,0
1329,-99.0,0,0,0.0,-98.0,0.0,0,-97,0
1330,-99.0,0,0,0.0,-98.0,0.0,0,-97,0
1331,-99.0,0,0,0.0,-98.0,0.0,0,-97,0
1332,-99.0,0,0,0.0,-98.0,0.0,0,-97,0
1333,-99.0,0,0,0.0,-98.0,0.0,0,-97,0
1334,-99.0,0,0,0.0,-98.0,0.0,0,-97,0
1335,-99.0,0,0,0.0,-98.0,0.0,0,-97,0
1336,-99.0,0,0,0.0,-98.0,0.0,0,-97,0
1337,-99.0,0,0,0.0,-98.0,0.0,0,-97,0
1338,-99.0,0,0,0.0,-98.0,0.0,0,-97,0
1339,-99.0,0,0,0.0,-98.0,0.0,0,-97,0
1340,-99.0,0,0,0.0,-98.0,0.0,0,-97,0
1341,-99.0,0,0,0.0,-98.0,0.0,0,-97,0
1342,-99.0,0,0,0.0,-98.0,0.0,0,-97,0
1343,-99.0,0,0,0.0,-98.0,0.0,0,-97,0
1344,-99.0,0,0,0.0,-98.0,0.0,0,-97,0
1345,-99.0,0,0,0.0,-98.0,0.0,0,-97,0
1346,0.447,1,4,0.17,-98.0,0.0,0,-97,216
1347,-99.0,0,0,0.0,-98.0,0.0,0,-97,0
1348,-99.0,0,0,0.0,-98.0,0.0,0,-97,0
1349,-99.0,0,0,0.0,-98.0,0.0,0,-97,0
1350,-99.0,0,0,0.0,-98.0,0.0,0,-97,0
1351,-99.0,0,0,0.0,-98.0,0.0,0,-97,0
1352,-99.0,0,0,0.0,-98.0,0.0,0,-97,0
1353,-99.0,0,0,0.0,-98.0,0.0,0,-97,0
1354,-99.0,0,0,0.0,-98.0,0.0,0,-97,0
1355,-99.0,0,0,0.0,-98.0,0.0,0,-97,0
1356,1.041,1,4,0.079,-98.0,0.0,0,-97,206
1357,-99.0,0,0,0.0,-98.0,0.0,0,-97,0
1358,-99.0,0,0,0.0,-98.0,0.0,0,-97,0
1359,-99.0,0,0,0.0,-98.0,0.0,0,-97,0
1360,-99.0,0,0,0.0,-98.0,0.0,0,-97,0
1361,-99.0,0,0,0.0,-98.0,0.0,0,-97,0
1362,1.074,1,3,0.19,-98.0,0.0,0,-97,201
1363,-99.0,0,0,0.0,-98.0,0.0,0,-97,0
1364,-99.0,0,0,0.0,-98.0,0.0,0,-97,0
1365,-99.0,0,0,0.0,-98.0,0.0,0,-97,0
1366,-99.0,0,0,0.0,-98.0,0.0,0,-97,0
1367,-99.0,0,0,0.0,-98.0,0.0,0,-97,0
1368,-99.0,0,0,0.0,-98.0,0.0,0,-97,0
1369,1.309,1,3,0.088,-98.0,0.0,0,-97,196
1370,-99.0,0,0,0.0,-98.0,0.0,0,-97,0
1371,-99.0,0,0,0.0,-98.0,0.0,0,-97,0
1372,-99.0,0,0,0.0,-98.0,0.0,0,-97,0
1373,-99.0,0,0,0.0,-98.0,0.0,0,-97,0
1374,-99.0,0,0,0.0,-98.0,0.0,0,-97,0
1375,-99.0,0,0,0.0,-98.0,0.0,0,-97,0
1376,-99.0,0,0,0.0,-98.0,0.0,0,-97,0
1377,-99.0,0,0,0.0,-98.0,0.0,0,-97,0
1378,-99.0,0,0,0.0,-98.0,0.0,0,-97,0
1379,1.002,1,3,0.122,-98.0,0.0,0,-97,185
1380,-99.0,0,0,0.0,-98.0,0.0,0,-97,0
1381,-99.0,0,0,0.0,-98.0,0.0,0,-97,0
1382,-99.0,0,0,0.0,-98.0,0.0,0,-97,0
1383,1.065,5,99,0.65,-98.0,0.0,0,-97,0
1384,-99.0,0,0,0.0,-98.0,0.0,0,-97,0
1385,-99.0,0,0,0.0,-98.0,0.0,0,-97,0
1386,-99.0,0,0,0.0,-98.0,0.0,0,-97,0
1387,-99.0,0,0,0.0,-98.0,0.0,0,-97,0
1388,-99.0,0,0,0.0,-98.0,0.0,0,-97,0
1389,-99.0,0,0,0.0,-98.0,0.0,0,-97,0
1390,-99.0,0,0,0.0,-98.0,0.0,0,-97,0
1391,-99.0,0,0,0.0,-98.0,0.0,0,-97,0
1392,-99.0,0,0,0.0,-98.0,0.0,0,-97,0
1393,-99.0,0,0,0.0,-98.0,0.0,0,-97,0
1394,-99.0,0,0,0.0,-98.0,0.0,0,-97,0
1395,-99.0,0,0,0.0,-98.0,0.0,0,-97,0
1396,-99.0,0,0,0.0,-98.0,0.0,0,-97,0
1397,-99.0,0,0,0.0,-98.0,0.0,0,-97,0
1398,-99.0,0,0,0.0,-98.0,0.0,0,-97,0
1399,-99.0,0,0,0.0,-98.0,0.0,0,-97,0
1400,-99.0,0,0,0.0,-98.0,0.0,0,-97,0
1401,-99.0,0,0,0.0,-98.0,0.0,0,-97,0
1402,-99.0,0,0,0.0,-98.0,0.0,0,-97,0
1403,-99.0,0,0,0.0,-98.0,0.0,0,-97,0
1404,-99.0,0,0,0.0,-98.0,0.0,0,-97,0
1405,-99.0,0,0,0.0,-98.0,0.0,0,-97,0
1406,-99.0,0,0,0.0,-98.0,0.0,0,-97,0
1407,-99.0,0,0,0.0,-98.0,0.0,0,-97,0
1408,-99.0,0,0,0.0,-98.0,0.0,0,-97,0
1409,-99.0,0,0,0.0,-98.0,0.0,0,-97,0
1410,-99.0,0,0,0.0,-98.0,0.0,0,-97,0
1411,-99.0,0,0,0.0,-98.0,0.0,0,-97,0
1412,-99.0,0,0,0.0,-98.0,0.0,0,-97,0
1413,-99.0,0,0,0.0,-98.0,0.0,0,-97,0
1414,-99.0,0,0,0.0,-98.0,0.0,0,-97,0
1415,-99.0,0,0,0.0,-98.0,0.0,0,-97,0
1416,-99.0,0,0,0.0,-98.0,0.0,0,-97,0
1417,-99.0,0,0,0.0,-98.0,0.0,0,-97,0
1418,-99.0,0,0,0.0,-98.0,0.0,0,-97,0
1419,-99.0,0,0,0.0,-98.0,0.0,0,-97,0
1420,-99.0,0,0,0.0,-98.0,0.0,0,-97,0
1421,-99.0,0,0,0.0,-98.0,0.0,0,-97,0
1422,-99.0,0,0,0.0,-98.0,0.0,0,-97,0
1423,-99.0,0,0,0.0,-98.0,0.0,0,-97,0
1424,-99.0,0,0,0.0,-98.0,0.0,0,-97,0
1425,-99.0,0,0,0.0,-98.0,0.0,0,-97,0
1426,-99.0,0,0,0.0,-98.0,0.0,0,-97,0
1427,-99.0,0,0,0.0,-98.0,0.0,0,-97,0
1428,-99.0,0,0,0.0,-98.0,0.0,0,-97,0
1429,-99.0,0,0,0.0,-98.0,0.0,0,-97,0
1430,1.363,1,3,0.211,-98.0,0.0,0,-97,149
1431,-99.0,0,0,0.0,-98.0,0.0,0,-97,0
1432,-99.0,0,0,0.0,-98.0,0.0,0,-97,0
1433,-99.0,0,0,0.0,-98.0,0.0,0,-97,0
1434,-99.0,0,0,0.0,-98.0,0.0,0,-97,0
1435,-99.0,0,0,0.0,-98.0,0.0,0,-97,0
1436,-99.0,0,0,0.0,-98.0,0.0,0,-97,0
1437,-99.0,0,0,0.0,-98.0,0.0,0,-97,0
1438,-99.0,0,0,0.0,-98.0,0.0,0,-97,0
1439,-99.0,0,0,0.0,-98.0,0.0,0,-97,0
1440,-99.0,0,0,0.0,-98.0,0.0,0,-97,0
1441,-99.0,0,0,0.0,-98.0,0.0,0,-97,0
1442,-99.0,0,0,0.0,-98.0,0.0,0,-97,0
1443,-99.0,0,0,0.0,-98.0,0.0,0,-97,0
1444,-99.0,0,0,0.0,-98.0,0.0,0,-97,0
1445,-99.0,0,0,0.0,-98.0,0.0,0,-97,0
1446,-99.0,0,0,0.0,-98.0,0.0,0,-97,0
1447,-99.0,0,0,0.0,-98.0,0.0,0,-97,0
1448,-99.0,0,0,0.0,-98.0,0.0,0,-97,0
1449,-99.0,0,0,0.0,-98.0,0.0,0,-97,0
1450,-99.0,0,0,0.0,-98.0,0.0,0,-97,0
1451,-99.0,0,0,0.0,-98.0,0.0,0,-97,0
1452,-99.0,0,0,0.0,-98.0,0.0,0,-97,0
1453,-99.0,0,0,0.0,-98.0,0.0,0,-97,0
1454,1.142,1,1,0.108,-98.0,0.0,0,-97,136
1455,-99.0,0,0,0.0,-98.0,0.0,0,-97,0
1456,-99.0,0,0,0.0,-98.0,0.0,0,-97,0
1457,-99.0,0,0,0.0,-98.0,0.0,0,-97,0
1458,-99.0,0,0,0.0,-98.0,0.0,0,-97,0
1459,-99.0,0,0,0.0,-98.0,0.0,0,-97,0
1460,-99.0,0,0,0.0,-98.0,0.0,0,-97,0
1461,-99.0,0,0,0.0,-98.0,0.0,0,-97,0
1462,-99.0,0,0,0.0,-98.0,0.0,0,-97,0
1463,-99.0,0,0,0.0,-98.0,0.0,0,-97,0
1464,-99.0,0,0,0.0,-98.0,0.0,0,-97,0
1465,-99.0,0,0,0.0,-98.0,0.0,0,-97,0
1466,-99.0,0,0,0.0,-98.0,0.0,0,-97,0
1467,-99.0,0,0,0.0,-98.0,0.0,0,-97,0
1468,0.164,1,1,0.137,-98.0,0.0,0,-97,123
1469,1.263,1,3,0.091,-98.0,0.0,0,-97,120
1470,1.502,1,3,0.263,-98.0,0.0,0,-97,119
1471,-99.0,0,0,0.0,-98.0,0.0,0,-97,0
1472,-99.0,0,0,0.0,-98.0,0.0,0,-97,0
1473,-99.0,0,0,0.0,-98.0,0.0,0,-97,0
1474,-99.0,0,0,0.0,-98.0,0.0,0,-97,0
1475,-99.0,0,0,0.0,-98.0,0.0,0,-97,0
1476,-99.0,0,0,0.0,-98.0,0.0,0,-97,0
1477,-99.0,0,0,0.0,-98.0,0.0,0,-97,0
1478,-99.0,0,0,0.0,-98.0,0.0,0,-97,0
1479,-99.0,0,0,0.0,-98.0,0.0,0,-97,0
1480,-99.0,0,0,0.0,-98.0,0.0,0,-97,0
1481,-99.0,0,0,0.0,-98.0,0.0,0,-97,0
1482,-99.0,0,0,0.0,-98.0,0.0,0,-97,0
1483,-99.0,0,0,0.0,-98.0,0.0,0,-97,0
1484,1.608,1,4,0.162,-98.0,0.0,0,-97,103
1485,-99.0,0,0,0.0,-98.0,0.0,0,-97,0
1486,-99.0,0,0,0.0,-98.0,0.0,0,-97,0
1487,-99.0,0,0,0.0,-98.0,0.0,0,-97,0
1488,-99.0,0,0,0.0,-98.0,0.0,0,-97,0
1489,-99.0,0,0,0.0,-98.0,0.0,0,-97,0
1490,1.069,1,4,0.075,1.071,0.629,5,-97,99
1491,-99.0,0,0,0.0,-98.0,0.0,0,-97,0
1492,-99.0,0,0,0.0,-98.0,0.0,0,-97,0
1493,-99.0,0,0,0.0,-98.0,0.0,0,-97,0
1494,-99.0,0,0,0.0,-98.0,0.0,0,-97,0
1495,-99.0,0,0,0.0,-98.0,0.0,0,-97,0
1496,-99.0,0,0,0.0,-98.0,0.0,0,-97,0
1497,-99.0,0,0,0.0,-98.0,0.0,0,-97,0
1498,-99.0,0,0,0.0,-98.0,0.0,0,-97,0
1499,-99.0,0,0,0.0,-98.0,0.0,0,-97,0
1500,-99.0,0,0,0.0,-98.0,0.0,0,-97,0
1501,-99.0,0,0,0.0,-98.0,0.0,0,-97,0
1502,-99.0,0,0,0.0,-98.0,0.0,0,-97,0
1503,-99.0,0,0,0.0,-98.0,0.0,0,-97,0
1504,1.462,1,3,0.043,-98.0,0.0,0,-97,84
1505,0.336,1,3,0.118,-98.0,0.0,0,-97,87
1506,-99.0,0,0,0.0,-98.0,0.0,0,-97,0
1507,-99.0,0,0,0.0,-98.0,0.0,0,-97,0
1508,-99.0,0,0,0.0,-98.0,0.0,0,-97,0
1509,-99.0,0,0,0.0,-98.0,0.0,0,-97,0
1510,-99.0,0,0,0.0,-98.0,0.0,0,-97,0
1511,-99.0,0,0,0.0,-98.0,0.0,0,-97,0
1512,-99.0,0,0,0.0,-98.0,0.0,0,-97,0
1513,-99.0,0,0,0.0,-98.0,0.0,0,-97,0
1514,-99.0,0,0,0.0,-98.0,0.0,0,-97,0
1515,-99.0,0,0,0.0,-98.0,0.0,0,-97,0
1516,-99.0,0,0,0.0,-98.0,0.0,0,-97,0
1517,-99.0,0,0,0.0,-98.0,0.0,0,-97,0
1518,-99.0,0,0,0.0,-98.0,0.0,0,-97,0
1519,-99.0,0,0,0.0,-98.0,0.0,0,-97,0
1520,-99.0,0,0,0.0,-98.0,0.0,0,-97,0
1521,1.389,1,3,0.133,-98.0,0.0,0,-97,63
1522,-99.0,0,0,0.0,-98.0,0.0,0,-97,0
1523,-99.0,0,0,0.0,-98.0,0.0,0,-97,0
1524,-99.0,0,0,0.0,-98.0,0.0,0,-97,0
1525,-99.0,0,0,0.0,-98.0,0.0,0,-97,0
1526,1.467,1,3,0.221,-98.0,0.0,0,-97,62
1527,-99.0,0,0,0.0,-98.0,0.0,0,-97,0
1528,-99.0,0,0,0.0,-98.0,0.0,0,-97,0
1529,-99.0,0,0,0.0,-98.0,0.0,0,-97,0
1530,-99.0,0,0,0.0,-98.0,0.0,0,-97,0
1531,-99.0,0,0,0.0,-98.0,0.0,0,-97,0
1532,1.063,5,99,0.614,-98.0,0.0,0,-97,0
1533,-99.0,0,0,0.0,-98.0,0.0,0,-97,0
1534,-99.0,0,0,0.0,-98.0,0.0,0,-97,0
1535,-99.0,0,0,0.0,-98.0,0.0,0,-97,0
1536,-99.0,0,0,0.0,-98.0,0.0,0,-97,0
1537,-99.0,0,0,0.0,-98.0,0.0,0,-97,0
1538,-99.0,0,0,0.0,-98.0,0.0,0,-97,0
1539,-99.0,0,0,0.0,-98.0,0.0,0,-97,0
1540,-99.0,0,0,0.0,-98.0,0.0,0,-97,0
1541,-99.0,0,0,0.0,-98.0,0.0,0,-97,0
1542,-99.0,0,0,0.0,-98.0,0.0,0,-97,0
1543,-99.0,0,0,0.0,-98.0,0.0,0,-97,0
1544,-99.0,0,0,0.0,-98.0,0.0,0,-97,0
1545,-99.0,0,0,0.0,-98.0,0.0,0,-97,0
1546,-99.0,0,0,0.0,-98.0,0.0,0,-97,0
1547,-99.0,0,0,0.0,-98.0,0.0,0,-97,0
1548,-99.0,0,0,0.0,-98.0,0.0,0,-97,0
1549,-99.0,0,0,0.0,-98.0,0.0,0,-97,0
1550,-99.0,0,0,0.0,-98.0,0.0,0,-97,0
1551,-99.0,0,0,0.0,-98.0,0.0,0,-97,0
1552,0.163,1,1,0.231,-98.0,0.0,0,-97,40
1553,-99.0,0,0,0.0,-98.0,0.0,0,-97,0
1554,-99.0,0,0,0.0,-98.0,0.0,0,-97,0
1555,-99.0,0,0,0.0,-98.0,0.0,0,-97,0
1556,-99.0,0,0,0.0,-98.0,0.0,0,-97,0
1557,3.953,1,1,0.496,-98.0,0.0,0,-97,36
1558,1.136,1,3,0.115,-98.0,0.0,0,-97,35
1559,-99.0,0,0,0.0,-98.0,0.0,0,-97,0
1560,-99.0,0,0,0.0,-98.0,0.0,0,-97,0
1561,-99.0,0,0,0.0,-98.0,0.0,0,-97,0
1562,-99.0,0,0,0.0,-98.0,0.0,0,-97,0
1563,-99.0,0,0,0.0,-98.0,0.0,0,-97,0
1564,1.04,1,4,0.116,-98.0,0.0,0,-97,30
1565,-99.0,0,0,0.0,-98.0,0.0,0,-97,0
1566,-99.0,0,0,0.0,-98.0,0.0,0,-97,0
1567,0.895,1,1,0.065,-98.0,0.0,0,-97,29
1568,-99.0,0,0,0.0,-98.0,0.0,0,-97,0
1569,-99.0,0,0,0.0,-98.0,0.0,0,-97,0
1570,-99.0,0,0,0.0,-98.0,0.0,0,-97,0
1571,-99.0,0,0,0.0,-98.0,0.0,0,-97,0
1572,-99.0,0,0,0.0,-98.0,0.0,0,-97,0
1573,-99.0,0,0,0.0,-98.0,0.0,0,-97,0
1574,-99.0,0,0,0.0,-98.0,0.0,0,-97,0
1575,-99.0,0,0,0.0,-98.0,0.0,0,-97,0
1576,-99.0,0,0,0.0,-98.0,0.0,0,-97,0
1577,-99.0,0,0,0.0,-98.0,0.0,0,-97,0
1578,-99.0,0,0,0.0,-98.0,0.0,0,-97,0
1579,-99.0,0,0,0.0,-98.0,0.0,0,-97,0
1580,-99.0,0,0,0.0,-98.0,0.0,0,-97,0
1581,-99.0,0,0,0.0,-98.0,0.0,0,-97,0
1582,-99.0,0,0,0.0,-98.0,0.0,0,-97,0
1583,-99.0,0,0,0.0,-98.0,0.0,0,-97,0
1584,1.066,5,99,0.431,-98.0,0.0,0,-97,12
1585,-99.0,0,0,0.0,-98.0,0.0,0,-97,0
1586,-99.0,0,0,0.0,-98.0,0.0,0,-97,0
1587,-99.0,0,0,0.0,-98.0,0.0,0,-97,0
1588,-99.0,0,0,0.0,-98.0,0.0,0,-97,0
1589,-99.0,0,0,0.0,-98.0,0.0,0,-97,0
1590,-99.0,0,0,0.0,-98.0,0.0,0,-97,0
1591,-99.0,0,0,0.0,-98.0,0.0,0,-97,0
1592,-99.0,0,0,0.0,-98.0,0.0,0,-97,0
1593,-99.0,0,0,0.0,-98.0,0.0,0,-97,0
1594,-99.0,0,0,0.0,-98.0,0.0,0,-97,0
1595,-99.0,0,0,0.0,-98.0,0.0,0,-97,0
1596,-99.0,0,0,0.0,-98.0,0.0,0,-97,0
1597,-99.0,0,0,0.0,-98.0,0.0,0,-97,0
1598,-99.0,0,0,0.0,-98.0,0.0,0,-97,0
1599,-99.0,0,0,0.0,-98.0,0.0,0,-97,0
1600,-99.0,0,0,0.0,-98.0,0.0,0,-97,0
1601,-99.0,0,0,0.0,-98.0,0.0,0,-97,0
1602,-99.0,0,0,0.0,-98.0,0.0,0,-97,0
1603,-99.0,0,0,0.0,-98.0,0.0,0,-97,0
1604,-99.0,0,0,0.0,-98.0,0.0,0,-97,0
1605,-99.0,0,0,0.0,-98.0,0.0,0,-97,0
1606,-99.0,0,0,0.0,-98.0,0.0,0,-97,0
1607,-99.0,0,0,0.0,-98.0,0.0,0,-97,0
1608,-99.0,0,0,0.0,-98.0,0.0,0,-97,0
1609,-99.0,0,0,0.0,-98.0,0.0,0,-97,0
1610,-99.0,0,0,0.0,-98.0,0.0,0,-97,0
1611,-99.0,0,0,0.0,-98.0,0.0,0,-97,0
1612,-99.0,0,0,0.0,-98.0,0.0,0,-97,0
1613,-99.0,0,0,0.0,-98.0,0.0,0,-97,0
1614,-99.0,0,0,0.0,-98.0,0.0,0,-97,0
1615,-99.0,0,0,0.0,-98.0,0.0,0,-97,0
1616,-99.0,0,0,0.0,-98.0,0.0,0,-97,0
1617,-99.0,0,0,0.0,-98.0,0.0,0,-97,0
1618,-99.0,0,0,0.0,-98.0,0.0,0,-97,0
1619,-99.0,0,0,0.0,-98.0,0.0,0,-97,0
1620,-99.0,0,0,0.0,-98.0,0.0,0,-97,0
1621,-99.0,0,0,0.0,-98.0,0.0,0,-97,0
1622,-99.0,0,0,0.0,-98.0,0.0,0,-97,0
1623,-99.0,0,0,0.0,-98.0,0.0,0,-97,0
1624,-99.0,0,0,0.0,-98.0,0.0,0,-97,0
1625,-99.0,0,0,0.0,-98.0,0.0,0,-97,0
1626,-99.0,0,0,0.0,-98.0,0.0,0,-97,0
1627,-99.0,0,0,0.0,-98.0,0.0,0,-97,0
1628,-99.0,0,0,0.0,-98.0,0.0,0,-97,0
1629,-99.0,0,0,0.0,-98.0,0.0,0,-97,0
1630,-99.0,0,0,0.0,-98.0,0.0,0,-97,0
1631,-99.0,0,0,0.0,-98.0,0.0,0,-97,0
1632,-99.0,0,0,0.0,-98.0,0.0,0,-97,0
1633,-99.0,0,0,0.0,-98.0,0.0,0,-97,0
1634,-99.0,0,0,0.0,-98.0,0.0,0,-97,0
1635,-99.0,0,0,0.0,-98.0,0.0,0,-97,0
1636,-99.0,0,0,0.0,-98.0,0.0,0,-97,0
1637,-99.0,0,0,0.0,-98.0,0.0,0,-97,0
1638,-99.0,0,0,0.0,-98.0,0.0,0,-97,0
1639,-99.0,0,0,0.0,-98.0,0.0,0,-97,0
1640,-99.0,0,0,0.0,-98.0,0.0,0,-97,0
1641,-99.0,0,0,0.0,-98.0,0.0,0,-97,0
1642,-99.0,0,0,0.0,-98.0,0.0,0,-97,0
1643,-99.0,0,0,0.0,-98.0,0.0,0,-97,0
1644,-99.0,0,0,0.0,-98.0,0.0,0,-97,0
1645,-99.0,0,0,0.0,-98.0,0.0,0,-97,0
1646,-99.0,0,0,0.0,-98.0,0.0,0,-97,0
1647,-99.0,0,0,0.0,-98.0,0.0,0,-97,0
1648,-99.0,0,0,0.0,-98.0,0.0,0,-97,0
1649,-99.0,0,0,0.0,-98.0,0.0,0,-97,0
1650,-99.0,0,0,0.0,-98.0,0.0,0,-97,0
1651,-99.0,0,0,0.0,-98.0,0.0,0,-97,0
1652,-99.0,0,0,0.0,-98.0,0.0,0,-97,0
1653,-99.0,0,0,0.0,-98.0,0.0,0,-97,0
1654,-99.0,0,0,0.0,-98.0,0.0,0,-97,0
1655,-99.0,0,0,0.0,-98.0,0.0,0,-97,0
1656,-99.0,0,0,0.0,-98.0,0.0,0,-97,0
1657,-99.0,0,0,0.0,-98.0,0.0,0,-97,0
1658,-99.0,0,0,0.0,-98.0,0.0,0,-97,0
1659,-99.0,0,0,0.0,-98.0,0.0,0,-97,0
1660,-99.0,0,0,0.0,-98.0,0.0,0,-97,0
1661,-99.0,0,0,0.0,-98.0,0.0,0,-97,0
1662,-99.0,0,0,0.0,-98.0,0.0,0,-97,0
1663,-99.0,0,0,0.0,-98.0,0.0,0,-97,0
1664,-99.0,0,0,0.0,-98.0,0.0,0,-97,0
1665,-99.0,0,0,0.0,-98.0,0.0,0,-97,0
1666,-99.0,0,0,0.0,-98.0,0.0,0,-97,0
1667,-99.0,0,0,0.0,-98.0,0.0,0,-97,0
1668,-99.0,0,0,0.0,-98.0,0.0,0,-97,0
1669,-99.0,0,0,0.0,-98.0,0.0,0,-97,0
1670,-99.0,0,0,0.0,-98.0,0.0,0,-97,0
1671,-99.0,0,0,0.0,-98.0,0.0,0,-97,0
1672,-99.0,0,0,0.0,-98.0,0.0,0,-97,0
1673,-99.0,0,0,0.0,-98.0,0.0,0,-97,0
1674,-99.0,0,0,0.0,-98.0,0.0,0,-97,0
1675,-99.0,0,0,0.0,-98.0,0.0,0,-97,0
1676,-99.0,0,0,0.0,-98.0,0.0,0,-97,0
1677,-99.0,0,0,0.0,-98.0,0.0,0,-97,0
1678,-99.0,0,0,0.0,-98.0,0.0,0,-97,0
1679,-99.0,0,0,0.0,-98.0,0.0,0,-97,0
1680,-99.0,0,0,0.0,-98.0,0.0,0,-97,0
1681,-99.0,0,0,0.0,-98.0,0.0,0,-97,0
1682,-99.0,0,0,0.0,-98.0,0.0,0,-97,0
1683,-99.0,0,0,0.0,-98.0,0.0,0,-97,0
1684,-99.0,0,0,0.0,-98.0,0.0,0,-97,0
1685,-99.0,0,0,0.0,-98.0,0.0,0,-97,0
1686,-99.0,0,0,0.0,-98.0,0.0,0,-97,0
1687,-99.0,0,0,0.0,-98.0,0.0,0,-97,0
1688,-99.0,0,0,0.0,-98.0,0.0,0,-97,0
1689,-99.0,0,0,0.0,-98.0,0.0,0,-97,0
1690,-99.0,0,0,0.0,-98.0,0.0,0,-97,0
1691,-99.0,0,0,0.0,-98.0,0.0,0,-97,0
1692,-99.0,0,0,0.0,-98.0,0.0,0,-97,0
1693,-99.0,0,0,0.0,-98.0,0.0,0,-97,0
1694,-99.0,0,0,0.0,-98.0,0.0,0,-97,0
1695,-99.0,0,0,0.0,-98.0,0.0,0,-97,0
1696,-99.0,0,0,0.0,-98.0,0.0,0,-97,0
1697,-99.0,0,0,0.0,-98.0,0.0,0,-97,0
1698,-99.0,0,0,0.0,-98.0,0.0,0,-97,0
1699,-99.0,0,0,0.0,-98.0,0.0,0,-97,0
1700,-99.0,0,0,0.0,-98.0,0.0,0,-97,0
1701,-99.0,0,0,0.0,-98.0,0.0,0,-97,0
1702,-99.0,0,0,0.0,-98.0,0.0,0,-97,0
1703,-99.0,0,0,0.0,-98.0,0.0,0,-97,0
1704,-99.0,0,0,0.0,-98.0,0.0,0,-97,0
1705,-99.0,0,0,0.0,-98.0,0.0,0,-97,0
1706,-99.0,0,0,0.0,-98.0,0.0,0,-97,0
1707,-99.0,0,0,0.0,-98.0,0.0,0,-97,0
1708,-99.0,0,0,0.0,-98.0,0.0,0,-97,0
1709,-99.0,0,0,0.0,-98.0,0.0,0,-97,0
1710,-99.0,0,0,0.0,-98.0,0.0,0,-97,0
1711,-99.0,0,0,0.0,-98.0,0.0,0,-97,0
1712,-99.0,0,0,0.0,-98.0,0.0,0,-97,0
1713,-99.0,0,0,0.0,-98.0,0.0,0,-97,0
1714,-99.0,0,0,0.0,-98.0,0.0,0,-97,0
1715,-99.0,0,0,0.0,-98.0,0.0,0,-97,0
1716,-99.0,0,0,0.0,-98.0,0.0,0,-97,0
1717,-99.0,0,0,0.0,-98.0,0.0,0,-97,0
1718,-99.0,0,0,0.0,-98.0,0.0,0,-97,0
1719,-99.0,0,0,0.0,-98.0,0.0,0,-97,0
1720,-99.0,0,0,0.0,-98.0,0.0,0,-97,0
1721,-99.0,0,0,0.0,-98.0,0.0,0,-97,0
1722,-99.0,0,0,0.0,-98.0,0.0,0,-97,0
1723,-99.0,0,0,0.0,-98.0,0.0,0,-97,0
1724,-99.0,0,0,0.0,-98.0,0.0,0,-97,0
1725,-99.0,0,0,0.0,-98.0,0.0,0,-97,0
1726,-99.0,0,0,0.0,-98.0,0.0,0,-97,0
1727,-99.0,0,0,0.0,-98.0,0.0,0,-97,0
1728,-99.0,0,0,0.0,-98.0,0.0,0,-97,0
1729,-99.0,0,0,0.0,-98.0,0.0,0,-97,0
1730,-99.0,0,0,0.0,-98.0,0.0,0,-97,0
1731,-99.0,0,0,0.0,-98.0,0.0,0,-97,0
1732,-99.0,0,0,0.0,-98.0,0.0,0,-97,0
1733,-99.0,0,0,0.0,-98.0,0.0,0,-97,0
1734,-99.0,0,0,0.0,-98.0,0.0,0,-97,0
1735,-99.0,0,0,0.0,-98.0,0.0,0,-97,0
1736,-99.0,0,0,0.0,-98.0,0.0,0,-97,0
1737,-99.0,0,0,0.0,-98.0,0.0,0,-97,0
1738,-99.0,0,0,0.0,-98.0,0.0,0,-97,0
1739,-99.0,0,0,0.0,-98.0,0.0,0,-97,0
1740,-99.0,0,0,0.0,-98.0,0.0,0,-97,0
1741,-99.0,0,0,0.0,-98.0,0.0,0,-97,0
1742,-99.0,0,0,0.0,-98.0,0.0,0,-97,0
1743,-99.0,0,0,0.0,-98.0,0.0,0,-97,0
1744,-99.0,0,0,0.0,-98.0,0.0,0,-97,0
1745,-99.0,0,0,0.0,-98.0,0.0,0,-97,0
1746,-99.0,0,0,0.0,-98.0,0.0,0,-97,0
1747,-99.0,0,0,0.0,-98.0,0.0,0,-97,0
1748,-99.0,0,0,0.0,-98.0,0.0,0,-97,0
1749,-99.0,0,0,0.0,-98.0,0.0,0,-97,0
1750,-99.0,0,0,0.0,-98.0,0.0,0,-97,0
1751,-99.0,0,0,0.0,-98.0,0.0,0,-97,0
1752,-99.0,0,0,0.0,-98.0,0.0,0,-97,0
1753,1.537,1,2,0.226,-98.0,0.0,0,-97,1006
1754,-99.0,0,0,0.0,-98.0,0.0,0,-97,0
1755,-99.0,0,0,0.0,-98.0,0.0,0,-97,0
1756,-99.0,0,0,0.0,-98.0,0.0,0,-97,0
1757,-99.0,0,0,0.0,-98.0,0.0,0,-97,0
1758,-99.0,0,0,0.0,-98.0,0.0,0,-97,0
1759,-99.0,0,0,0.0,-98.0,0.0,0,-97,0
1760,-99.0,0,0,0.0,-98.0,0.0,0,-97,0
1761,-99.0,0,0,0.0,-98.0,0.0,0,-97,0
1762,-99.0,0,0,0.0,-98.0,0.0,0,-97,0
1763,-99.0,0,0,0.0,-98.0,0.0,0,-97,0
1764,-99.0,0,0,0.0,-98.0,0.0,0,-97,0
1765,-99.0,0,0,0.0,-98.0,0.0,0,-97,0
1766,-99.0,0,0,0.0,-98.0,0.0,0,-97,0
1767,-99.0,0,0,0.0,-98.0,0.0,0,-97,0
1768,-99.0,0,0,0.0,-98.0,0.0,0,-97,0
1769,-99.0,0,0,0.0,-98.0,0.0,0,-97,0
1770,-99.0,0,0,0.0,-98.0,0.0,0,-97,0
1771,-99.0,0,0,0.0,-98.0,0.0,0,-97,0
1772,-99.0,0,0,0.0,-98.0,0.0,0,-97,0
1773,-99.0,0,0,0.0,-98.0,0.0,0,-97,0
1774,-99.0,0,0,0.0,-98.0,0.0,0,-97,0
1775,-99.0,0,0,0.0,-98.0,0.0,0,-97,0
1776,-99.0,0,0,0.0,-98.0,0.0,0,-97,0
1777,-99.0,0,0,0.0,-98.0,0.0,0,-97,0
1778,-99.0,0,0,0.0,-98.0,0.0,0,-97,0
1779,-99.0,0,0,0.0,-98.0,0.0,0,-97,0
1780,-99.0,0,0,0.0,-98.0,0.0,0,-97,0
1781,-99.0,0,0,0.0,-98.0,0.0,0,-97,0
1782,-99.0,0,0,0.0,-98.0,0.0,0,-97,0
1783,-99.0,0,0,0.0,-98.0,0.0,0,-97,0
1784,-99.0,0,0,0.0,-98.0,0.0,0,-97,0
1785,-99.0,0,0,0.0,-98.0,0.0,0,-97,0
1786,-99.0,0,0,0.0,-98.0,0.0,0,-97,0
1787,-99.0,0,0,0.0,-98.0,0.0,0,-97,0
1788,-99.0,0,0,0.0,-98.0,0.0,0,-97,0
1789,-99.0,0,0,0.0,-98.0,0.0,0,-97,0
1790,-99.0,0,0,0.0,-98.0,0.0,0,-97,0
1791,-99.0,0,0,0.0,-98.0,0.0,0,-97,0
1792,-99.0,0,0,0.0,-98.0,0.0,0,-97,0
1793,-99.0,0,0,0.0,-98.0,0.0,0,-97,0
1794,-99.0,0,0,0.0,-98.0,0.0,0,-97,0
1795,1.395,1,1,0.241,-98.0,0.0,0,-97,1158
1796,-99.0,0,0,0.0,-98.0,0.0,0,-97,0
1797,-99.0,0,0,0.0,-98.0,0.0,0,-97,0
1798,-99.0,0,0,0.0,-98.0,0.0,0,-97,0
1799,-99.0,0,0,0.0,-98.0,0.0,0,-97,0
1800,-99.0,0,0,0.0,-98.0,0.0,0,-97,0
1801,-99.0,0,0,0.0,-98.0,0.0,0,-97,0
1802,-99.0,0,0,0.0,-98.0,0.0,0,-97,0
1803,-99.0,0,0,0.0,-98.0,0.0,0,-97,0
1804,-99.0,0,0,0.0,-98.0,0.0,0,-97,0
1805,-99.0,0,0,0.0,-98.0,0.0,0,-97,0
1806,-99.0,0,0,0.0,-98.0,0.0,0,-97,0
1807,-99.0,0,0,0.0,-98.0,0.0,0,-97,0
1808,-99.0,0,0,0.0,-98.0,0.0,0,-97,0
1809,-99.0,0,0,0.0,-98.0,0.0,0,-97,0
1810,-99.0,0,0,0.0,-98.0,0.0,0,-97,0
1811,-99.0,0,0,0.0,-98.0,0.0,0,-97,0
1812,-99.0,0,0,0.0,-98.0,0.0,0,-97,0
1813,-99.0,0,0,0.0,-98.0,0.0,0,-97,0
1814,-99.0,0,0,0.0,-98.0,0.0,0,-97,0
1815,-99.0,0,0,0.0,-98.0,0.0,0,-97,0
1816,-99.0,0,0,0.0,-98.0,0.0,0,-97,0
1817,-99.0,0,0,0.0,-98.0,0.0,0,-97,0
1818,-99.0,0,0,0.0,-98.0,0.0,0,-97,0
1819,-99.0,0,0,0.0,-98.0,0.0,0,-97,0
1820,-99.0,0,0,0.0,-98.0,0.0,0,-97,0
1821,-99.0,0,0,0.0,-98.0,0.0,0,-97,0
1822,-99.0,0,0,0.0,-98.0,0.0,0,-97,0
1823,-99.0,0,0,0.0,-98.0,0.0,0,-97,0
1824,-99.0,0,0,0.0,-98.0,0.0,0,-97,0
1825,-99.0,0,0,0.0,-98.0,0.0,0,-97,0
1826,-99.0,0,0,0.0,-98.0,0.0,0,-97,0
1827,-99.0,0,0,0.0,-98.0,0.0,0,-97,0
1828,-99.0,0,0,0.0,-98.0,0.0,0,-97,0
1829,-99.0,0,0,0.0,-98.0,0.0,0,-97,0
1830,-99.0,0,0,0.0,-98.0,0.0,0,-97,0
1831,-99.0,0,0,0.0,-98.0,0.0,0,-97,0
1832,-99.0,0,0,0.0,-98.0,0.0,0,-97,0
1833,-99.0,0,0,0.0,-98.0,0.0,0,-97,0
1834,-99.0,0,0,0.0,-98.0,0.0,0,-97,0
1835,-99.0,0,0,0.0,-98.0,0.0,0,-97,0
1836,-99.0,0,0,0.0,-98.0,0.0,0,-97,0
1837,-99.0,0,0,0.0,-98.0,0.0,0,-97,0
1838,-99.0,0,0,0.0,-98.0,0.0,0,-97,0
1839,-99.0,0,0,0.0,-98.0,0.0,0,-97,0
1840,-99.0,0,0,0.0,-98.0,0.0,0,-97,0
1841,-99.0,0,0,0.0,-98.0,0.0,0,-97,0
1842,-99.0,0,0,0.0,-98.0,0.0,0,-97,0
1843,-99.0,0,0,0.0,-98.0,0.0,0,-97,0
1844,-99.0,0,0,0.0,-98.0,0.0,0,-97,0
1845,-99.0,0,0,0.0,-98.0,0.0,0,-97,0
1846,-99.0,0,0,0.0,-98.0,0.0,0,-97,0
1847,-99.0,0,0,0.0,-98.0,0.0,0,-97,0
1848,-99.0,0,0,0.0,-98.0,0.0,0,-97,0
1849,-99.0,0,0,0.0,-98.0,0.0,0,-97,0
1850,-99.0,0,0,0.0,-98.0,0.0,0,-97,0
1851,-99.0,0,0,0.0,-98.0,0.0,0,-97,0
1852,-99.0,0,0,0.0,-98.0,0.0,0,-97,0
1853,-99.0,0,0,0.0,-98.0,0.0,0,-97,0
1854,-99.0,0,0,0.0,-98.0,0.0,0,-97,0
1855,-99.0,0,0,0.0,-98.0,0.0,0,-97,0
1856,-99.0,0,0,0.0,-98.0,0.0,0,-97,0
1857,-99.0,0,0,0.0,-98.0,0.0,0,-97,0
1858,-99.0,0,0,0.0,-98.0,0.0,0,-97,0
1859,-99.0,0,0,0.0,-98.0,0.0,0,-97,0
1860,-99.0,0,0,0.0,-98.0,0.0,0,-97,0
1861,-99.0,0,0,0.0,-98.0,0.0,0,-97,0
1862,-99.0,0,0,0.0,-98.0,0.0,0,-97,0
1863,-99.0,0,0,0.0,-98.0,0.0,0,-97,0
1864,0.0,1,1,0.129,-98.0,0.0,0,-97,1203
1865,-99.0,0,0,0.0,-98.0,0.0,0,-97,0
1866,-99.0,0,0,0.0,-98.0,0.0,0,-97,0
1867,-99.0,0,0,0.0,-98.0,0.0,0,-97,0
1868,-99.0,0,0,0.0,-98.0,0.0,0,-97,0
1869,-99.0,0,0,0.0,-98.0,0.0,0,-97,0
1870,-99.0,0,0,0.0,-98.0,0.0,0,-97,0
1871,-99.0,0,0,0.0,-98.0,0.0,0,-97,0
1872,-99.0,0,0,0.0,-98.0,0.0,0,-97,0
1873,-99.0,0,0,0.0,-98.0,0.0,0,-97,0
1874,-99.0,0,0,0.0,-98.0,0.0,0,-97,0
1875,-99.0,0,0,0.0,-98.0,0.0,0,-97,0
1876,1.066,5,99,0.169,-98.0,0.0,0,-97,0
1877,1.374,1,2,0.093,-98.0,0.0,0,-97,1198
1878,-99.0,0,0,0.0,-98.0,0.0,0,-97,0
1879,-99.0,0,0,0.0,-98.0,0.0,0,-97,0
1880,-99.0,0,0,0.0,-98.0,0.0,0,-97,0
1881,-99.0,0,0,0.0,-98.0,0.0,0,-97,0
1882,-99.0,0,0,0.0,-98.0,0.0,0,-97,0
1883,-99.0,0,0,0.0,-98.0,0.0,0,-97,0
1884,-99.0,0,0,0.0,-98.0,0.0,0,-97,0
1885,-99.0,0,0,0.0,-98.0,0.0,0,-97,0
1886,-99.0,0,0,0.0,-98.0,0.0,0,-97,0
1887,-99.0,0,0,0.0,-98.0,0.0,0,-97,0
1888,-99.0,0,0,0.0,-98.0,0.0,0,-97,0
1889,-99.0,0,0,0.0,-98.0,0.0,0,-97,0
1890,-99.0,0,0,0.0,-98.0,0.0,0,-97,0
1891,-99.0,0,0,0.0,-98.0,0.0,0,-97,0
1892,-99.0,0,0,0.0,-98.0,0.0,0,-97,0
1893,-99.0,0,0,0.0,-98.0,0.0,0,-97,0
1894,-99.0,0,0,0.0,-98.0,0.0,0,-97,0
1895,0.159,1,1,0.029,-98.0,0.0,0,-97,1182
1896,-99.0,0,0,0.0,-98.0,0.0,0,-97,0
1897,-99.0,0,0,0.0,-98.0,0.0,0,-97,0
1898,-99.0,0,0,0.0,-98.0,0.0,0,-97,0
1899,-99.0,0,0,0.0,-98.0,0.0,0,-97,0
1900,-99.0,0,0,0.0,-98.0,0.0,0,-97,0
1901,-99.0,0,0,0.0,-98.0,0.0,0,-97,0
1902,-99.0,0,0,0.0,-98.0,0.0,0,-97,0
1903,-99.0,0,0,0.0,-98.0,0.0,0,-97,0
1904,-99.0,0,0,0.0,-98.0,0.0,0,-97,0
1905,-99.0,0,0,0.0,-98.0,0.0,0,-97,0
1906,-99.0,0,0,0.0,-98.0,0.0,0,-97,0
1907,-99.0,0,0,0.0,-98.0,0.0,0,-97,0
1908,-99.0,0,0,0.0,-98.0,0.0,0,-97,0
1909,-99.0,0,0,0.0,-98.0,0.0,0,-97,0
1910,-99.0,0,0,0.0,-98.0,0.0,0,-97,0
1911,-99.0,0,0,0.0,-98.0,0.0,0,-97,0
1912,-99.0,0,0,0.0,-98.0,0.0,0,-97,0
1913,-99.0,0,0,0.0,-98.0,0.0,0,-97,0
1914,-99.0,0,0,0.0,-98.0,0.0,0,-97,0
1915,-99.0,0,0,0.0,-98.0,0.0,0,-97,0
1916,-99.0,0,0,0.0,-98.0,0.0,0,-97,0
1917,-99.0,0,0,0.0,-98.0,0.0,0,-97,0
1918,-99.0,0,0,0.0,-98.0,0.0,0,-97,0
1919,-99.0,0,0,0.0,-98.0,0.0,0,-97,0
1920,-99.0,0,0,0.0,-98.0,0.0,0,-97,0
1921,-99.0,0,0,0.0,-98.0,0.0,0,-97,0
1922,-99.0,0,0,0.0,-98.0,0.0,0,-97,0
1923,-99.0,0,0,0.0,-98.0,0.0,0,-97,0
1924,-99.0,0,0,0.0,-98.0,0.0,0,-97,0
1925,-99.0,0,0,0.0,-98.0,0.0,0,-97,0
1926,-99.0,0,0,0.0,-98.0,0.0,0,-97,0
1927,-99.0,0,0,0.0,-98.0,0.0,0,-97,0
1928,-99.0,0,0,0.0,-98.0,0.0,0,-97,0
1929,-99.0,0,0,0.0,-98.0,0.0,0,-97,0
1930,-99.0,0,0,0.0,-98.0,0.0,0,-97,0
1931,-99.0,0,0,0.0,-98.0,0.0,0,-97,0
1932,-99.0,0,0,0.0,-98.0,0.0,0,-97,0
1933,-99.0,0,0,0.0,-98.0,0.0,0,-97,0
1934,-99.0,0,0,0.0,-98.0,0.0,0,-97,0
1935,-99.0,0,0,0.0,-98.0,0.0,0,-97,0
1936,-99.0,0,0,0.0,-98.0,0.0,0,-97,0
1937,-99.0,0,0,0.0,-98.0,0.0,0,-97,0
1938,-99.0,0,0,0.0,-98.0,0.0,0,-97,0
1939,-99.0,0,0,0.0,-98.0,0.0,0,-97,0
1940,-99.0,0,0,0.0,-98.0,0.0,0,-97,0
1941,-99.0,0,0,0.0,-98.0,0.0,0,-97,0
1942,-99.0,0,0,0.0,-98.0,0.0,0,-97,0
1943,-99.0,0,0,0.0,-98.0,0.0,0,-97,0
1944,-99.0,0,0,0.0,-98.0,0.0,0,-97,0
1945,-99.0,0,0,0.0,-98.0,0.0,0,-97,0
1946,-99.0,0,0,0.0,-98.0,0.0,0,-97,0
1947,-99.0,0,0,0.0,-98.0,0.0,0,-97,0
1948,-99.0,0,0,0.0,-98.0,0.0,0,-97,0
1949,-99.0,0,0,0.0,-98.0,0.0,0,-97,0
1950,-99.0,0,0,0.0,-98.0,0.0,0,-97,0
1951,-99.0,0,0,0.0,-98.0,0.0,0,-97,0
1952,-99.0,0,0,0.0,-98.0,0.0,0,-97,0
1953,-99.0,0,0,0.0,-98.0,0.0,0,-97,0
1954,-99.0,0,0,0.0,-98.0,0.0,0,-97,0
1955,-99.0,0,0,0.0,-98.0,0.0,0,-97,0
1956,-99.0,0,0,0.0,-98.0,0.0,0,-97,0
1957,-99.0,0,0,0.0,-98.0,0.0,0,-97,0
1958,-99.0,0,0,0.0,-98.0,0.0,0,-97,0
1959,-99.0,0,0,0.0,-98.0,0.0,0,-97,0
1960,-99.0,0,0,0.0,-98.0,0.0,0,-97,0
1961,-99.0,0,0,0.0,-98.0,0.0,0,-97,0
1962,-99.0,0,0,0.0,-98.0,0.0,0,-97,0
1963,-99.0,0,0,0.0,-98.0,0.0,0,-97,0
1964,-99.0,0,0,0.0,-98.0,0.0,0,-97,0
1965,1.54,1,3,0.219,-98.0,0.0,0,-97,1127
1966,-99.0,0,0,0.0,-98.0,0.0,0,-97,0
1967,-99.0,0,0,0.0,-98.0,0.0,0,-97,0
1968,-99.0,0,0,0.0,-98.0,0.0,0,-97,0
1969,-99.0,0,0,0.0,-98.0,0.0,0,-97,0
1970,-99.0,0,0,0.0,-98.0,0.0,0,-97,0
1971,-99.0,0,0,0.0,-98.0,0.0,0,-97,0
1972,-99.0,0,0,0.0,-98.0,0.0,0,-97,0
1973,-99.0,0,0,0.0,-98.0,0.0,0,-97,0
1974,-99.0,0,0,0.0,-98.0,0.0,0,-97,0
1975,-99.0,0,0,0.0,-98.0,0.0,0,-97,0
1976,-99.0,0,0,0.0,-98.0,0.0,0,-97,0
1977,-99.0,0,0,0.0,-98.0,0.0,0,-97,0
1978,-99.0,0,0,0.0,-98.0,0.0,0,-97,0
1979,0.758,1,3,0.47,-98.0,0.0,0,-97,1036
1980,-99.0,0,0,0.0,-98.0,0.0,0,-97,0
1981,-99.0,0,0,0.0,-98.0,0.0,0,-97,0
1982,-99.0,0,0,0.0,-98.0,0.0,0,-97,0
1983,-99.0,0,0,0.0,-98.0,0.0,0,-97,0
1984,-99.0,0,0,0.0,-98.0,0.0,0,-97,0
1985,1.057,5,99,0.525,-98.0,0.0,0,-97,0
1986,-99.0,0,0,0.0,-98.0,0.0,0,-97,0
1987,-99.0,0,0,0.0,-98.0,0.0,0,-97,0
1988,-99.0,0,0,0.0,-98.0,0.0,0,-97,0
1989,-99.0,0,0,0.0,-98.0,0.0,0,-97,0
1990,-99.0,0,0,0.0,-98.0,0.0,0,-97,0
1991,-99.0,0,0,0.0,-98.0,0.0,0,-97,0
1992,-99.0,0,0,0.0,-98.0,0.0,0,-97,0
1993,-99.0,0,0,0.0,-98.0,0.0,0,-97,0
1994,-99.0,0,0,0.0,-98.0,0.0,0,-97,0
1995,-99.0,0,0,0.0,-98.0,0.0,0,-97,0
1996,-99.0,0,0,0.0,-98.0,0.0,0,-97,0
1997,-99.0,0,0,0.0,-98.0,0.0,0,-97,0
1998,-99.0,0,0,0.0,-98.0,0.0,0,-97,0
1999,-99.0,0,0,0.0,-98.0,0.0,0,-97,0
2000,-99.0,0,0,0.0,-98.0,0.0,0,-97,0
2001,-99.0,0,0,0.0,-98.0,0.0,0,-97,0
2002,-99.0,0,0,0.0,-98.0,0.0,0,-97,0
2003,-99.0,0,0,0.0,-98.0,0.0,0,-97,0
2004,-99.0,0,0,0.0,-98.0,0.0,0,-97,0
2005,-99.0,0,0,0.0,-98.0,0.0,0,-97,0
2006,-99.0,0,0,0.0,-98.0,0.0,0,-97,0
2007,-99.0,0,0,0.0,-98.0,0.0,0,-97,0
2008,-99.0,0,0,0.0,-98.0,0.0,0,-97,0
2009,-99.0,0,0,0.0,-98.0,0.0,0,-97,0
2010,-99.0,0,0,0.0,-98.0,0.0,0,-97,0
2011,-99.0,0,0,0.0,-98.0,0.0,0,-97,0
2012,-99.0,0,0,0.0,-98.0,0.0,0,-97,0
2013,-99.0,0,0,0.0,-98.0,0.0,0,-97,0
2014,-99.0,0,0,0.0,-98.0,0.0,0,-97,0
2015,-99.0,0,0,0.0,-98.0,0.0,0,-97,0
2016,-99.0,0,0,0.0,-98.0,0.0,0,-97,0
2017,-99.0,0,0,0.0,-98.0,0.0,0,-97,0
2018,-99.0,0,0,0.0,-98.0,0.0,0,-97,0
2019,-99.0,0,0,0.0,-98.0,0.0,0,-97,0
2020,-99.0,0,0,0.0,-98.0,0.0,0,-97,0
2021,-99.0,0,0,0.0,-98.0,0.0,0,-97,0
2022,-99.0,0,0,0.0,-98.0,0.0,0,-97,0
2023,-99.0,0,0,0.0,-98.0,0.0,0,-97,0
2024,-99.0,0,0,0.0,-98.0,0.0,0,-97,0
2025,-99.0,0,0,0.0,-98.0,0.0,0,-97,0
2026,-99.0,0,0,0.0,-98.0,0.0,0,-97,0
2027,-99.0,0,0,0.0,-98.0,0.0,0,-97,0
2028,1.133,1,3,0.044,-98.0,0.0,0,-97,1061
2029,-99.0,0,0,0.0,-98.0,0.0,0,-97,0
2030,-99.0,0,0,0.0,-98.0,0.0,0,-97,0
2031,-99.0,0,0,0.0,-98.0,0.0,0,-97,0
2032,-99.0,0,0,0.0,-98.0,0.0,0,-97,0
2033,-99.0,0,0,0.0,-98.0,0.0,0,-97,0
2034,-99.0,0,0,0.0,-98.0,0.0,0,-97,0
2035,-99.0,0,0,0.0,-98.0,0.0,0,-97,0
2036,-99.0,0,0,0.0,-98.0,0.0,0,-97,0
2037,-99.0,0,0,0.0,-98.0,0.0,0,-97,0
2038,-99.0,0,0,0.0,-98.0,0.0,0,-97,0
2039,-99.0,0,0,0.0,-98.0,0.0,0,-97,0
2040,-99.0,0,0,0.0,-98.0,0.0,0,-97,0
2041,-99.0,0,0,0.0,-98.0,0.0,0,-97,0
2042,-99.0,0,0,0.0,-98.0,0.0,0,-97,0
2043,-99.0,0,0,0.0,-98.0,0.0,0,-97,0
2044,-99.0,0,0,0.0,-98.0,0.0,0,-97,0
2045,1.394,1,3,0.079,-98.0,0.0,0,-97,1058
2046,-99.0,0,0,0.0,-98.0,0.0,0,-97,0
2047,-99.0,0,0,0.0,-98.0,0.0,0,-97,0
2048,-99.0,0,0,0.0,-98.0,0.0,0,-97,0
2049,-99.0,0,0,0.0,-98.0,0.0,0,-97,0
2050,-99.0,0,0,0.0,-98.0,0.0,0,-97,0
2051,-99.0,0,0,0.0,-98.0,0.0,0,-97,0
2052,-99.0,0,0,0.0,-98.0,0.0,0,-97,0
2053,-99.0,0,0,0.0,-98.0,0.0,0,-97,0
2054,-99.0,0,0,0.0,-98.0,0.0,0,-97,0
2055,-99.0,0,0,0.0,-98.0,0.0,0,-97,0
2056,0.84,1,2,0.266,-98.0,0.0,0,-97,1040
2057,-99.0,0,0,0.0,-98.0,0.0,0,-97,0
2058,-99.0,0,0,0.0,-98.0,0.0,0,-97,0
2059,-99.0,0,0,0.0,-98.0,0.0,0,-97,0
2060,-99.0,0,0,0.0,-98.0,0.0,0,-97,0
2061,-99.0,0,0,0.0,-98.0,0.0,0,-97,0
2062,-99.0,0,0,0.0,-98.0,0.0,0,-97,0
2063,-99.0,0,0,0.0,-98.0,0.0,0,-97,0
2064,-99.0,0,0,0.0,-98.0,0.0,0,-97,0
2065,-99.0,0,0,0.0,-98.0,0.0,0,-97,0
2066,1.262,1,2,0.107,-98.0,0.0,0,-97,1072
2067,-99.0,0,0,0.0,-98.0,0.0,0,-97,0
2068,-99.0,0,0,0.0,-98.0,0.0,0,-97,0
2069,-99.0,0,0,0.0,-98.0,0.0,0,-97,0
2070,-99.0,0,0,0.0,-98.0,0.0,0,-97,0
2071,-99.0,0,0,0.0,-98.0,0.0,0,-97,0
2072,-99.0,0,0,0.0,-98.0,0.0,0,-97,0
2073,-99.0,0,0,0.0,-98.0,0.0,0,-97,0
2074,-99.0,0,0,0.0,-98.0,0.0,0,-97,0
2075,0.0,1,6,0.051,-98.0,0.0,0,-97,1033
2076,-99.0,0,0,0.0,-98.0,0.0,0,-97,0
2077,-99.0,0,0,0.0,-98.0,0.0,0,-97,0
2078,-99.0,0,0,0.0,-98.0,0.0,0,-97,0
2079,-99.0,0,0,0.0,-98.0,0.0,0,-97,0
2080,-99.0,0,0,0.0,-98.0,0.0,0,-97,0
2081,-99.0,0,0,0.0,-98.0,0.0,0,-97,0
2082,-99.0,0,0,0.0,-98.0,0.0,0,-97,0
2083,-99.0,0,0,0.0,-98.0,0.0,0,-97,0
2084,-99.0,0,0,0.0,-98.0,0.0,0,-97,0
2085,-99.0,0,0,0.0,-98.0,0.0,0,-97,0
2086,0.72,5,99,0.173,-98.0,0.0,0,-97,0
2087,-99.0,0,0,0.0,-98.0,0.0,0,-97,0
2088,-99.0,0,0,0.0,-98.0,0.0,0,-97,0
2089,-99.0,0,0,0.0,-98.0,0.0,0,-97,0
2090,-99.0,0,0,0.0,-98.0,0.0,0,-97,0
2091,-99.0,0,0,0.0,-98.0,0.0,0,-97,0
2092,-99.0,0,0,0.0,-98.0,0.0,0,-97,0
2093,-99.0,0,0,0.0,-98.0,0.0,0,-97,0
