PHOTID,CLUSTERZ,UMINB,UMINV,VMINJ,INDIVZ,UMINB,U_V,V_J,"source(1=GOGREEN,2=GCLASS,3=SPT,4=FORS2,5=NED)",quality,GOGREENSPECID
1,1.368,1.008,1.541,1.031,1.139,1.14,1.876,1.036,0,0,0
2,1.368,1.169,0.519,0.134,0.105,1.077,1.821,1.456,5,99,0
3,1.368,0.679,1.134,0.896,0.415,0.739,1.227,1.786,0,0,0
4,1.368,0.681,0.728,0.441,0.81,0.722,1.198,0.786,0,0,0
5,1.368,0.671,1.181,1.006,1.266,0.683,1.142,1.107,0,0,0
6,1.368,0.707,0.833,0.389,0.346,0.771,1.284,1.213,0,0,0
7,1.368,0.927,0.454,0.099,0.107,0.799,1.351,1.256,5,99,0
8,1.368,0.673,0.546,0.26,0.622,0.706,1.175,0.625,0,0,0
9,1.368,0.805,2.106,1.276,1.332,0.765,1.781,1.393,0,0,0
10,1.368,0.67,0.632,0.608,2.323,0.242,0.241,0.574,0,0,0
11,1.368,0.726,0.391,-0.056,0.286,0.599,1.21,0.23,0,0,0
12,1.368,0.774,1.529,1.127,1.135,0.795,1.582,1.437,0,0,0
13,1.368,0.754,1.581,1.049,1.252,0.764,1.583,1.172,0,0,0
14,1.368,0.671,1.124,0.88,0.897,0.704,1.171,1.288,0,0,0
15,1.368,0.269,0.797,0.365,0.909,0.284,0.366,0.745,0,0,0
16,1.368,0.397,0.27,-0.058,0.767,0.709,1.178,-0.054,0,0,0
17,1.368,0.479,0.532,0.444,1.03,0.77,0.77,0.529,0,0,0
18,1.368,1.189,1.992,0.347,0.081,1.123,1.893,1.478,0,0,0
19,1.368,0.758,1.984,1.664,1.424,0.901,2.015,1.633,0,0,0
20,1.368,0.794,0.401,-0.058,0.185,0.319,1.25,0.483,0,0,0
21,1.368,1.111,0.378,-0.06,0.038,0.31,1.631,1.389,0,0,0
22,1.368,0.669,1.125,1.031,1.551,0.653,0.994,0.919,0,0,0
23,1.368,0.671,1.566,1.258,0.833,0.703,1.171,1.914,0,0,0
24,1.368,0.544,0.569,0.496,1.11,0.709,0.801,0.584,0,0,0
25,1.368,0.744,1.867,1.312,1.177,0.764,1.632,1.764,0,0,0
26,1.368,0.747,1.135,0.847,0.833,0.78,1.299,1.336,0,0,0
27,1.368,0.67,0.738,0.552,0.843,0.706,1.174,0.808,0,0,0
28,1.368,0.59,0.698,0.526,0.888,0.762,1.267,0.716,0,0,0
29,1.368,0.597,0.859,0.335,0.561,0.846,1.418,1.257,0,0,0
30,1.368,0.694,0.985,0.913,1.647,0.547,0.831,0.757,0,0,0
31,1.368,0.682,1.299,1.137,0.709,0.709,1.183,1.842,0,0,0
32,1.368,0.669,1.125,0.902,0.534,0.719,1.193,1.889,0,0,0
33,1.368,0.685,0.791,0.608,0.934,0.718,1.192,0.847,0,0,0
34,1.368,1.008,1.776,1.338,2.775,0.681,1.08,0.731,0,0,0
35,1.368,1.023,0.954,0.419,0.21,0.891,1.516,1.528,0,0,0
36,1.368,0.956,2.037,1.33,3.311,0.727,1.041,1.111,0,0,0
37,1.368,0.715,0.933,0.496,0.404,0.775,1.292,1.34,0,0,0
38,1.368,0.684,0.698,0.386,0.473,0.744,1.236,0.951,0,0,0
39,1.368,1.202,0.377,-0.06,0.033,0.35,1.944,1.492,0,0,0
40,1.368,0.84,2.162,1.384,1.596,1.201,2.106,1.181,0,0,0
41,1.368,0.513,0.526,-0.06,0.305,0.772,1.286,0.651,0,0,0
42,1.368,0.681,0.8,0.822,1.114,0.706,1.173,0.917,0,0,0
43,1.368,0.685,1.142,0.961,0.99,0.716,1.188,1.295,0,0,0
44,1.368,0.781,1.298,1.085,0.679,0.815,1.361,1.579,0,0,0
45,1.368,1.139,2.273,1.249,1.307,1.032,1.48,1.34,0,0,0
46,1.368,0.677,1.131,0.82,0.536,0.736,1.222,1.897,0,0,0
47,1.368,0.72,0.379,-0.057,0.263,0.712,1.206,0.198,0,0,0
48,1.368,0.736,1.099,0.862,1.174,0.755,1.255,1.029,0,0,0
49,1.368,0.674,0.819,0.613,0.731,0.718,1.191,0.96,0,0,0
50,1.368,0.68,0.861,1.078,1.133,0.764,1.103,1.167,0,0,0
51,1.368,1.217,2.033,-0.06,0.027,1.208,2.021,1.512,0,0,0
52,1.368,1.222,2.041,1.513,2.668,1.436,2.334,0.863,0,0,0
53,1.368,0.735,1.111,0.807,0.507,0.797,1.33,1.873,0,0,0
54,1.368,0.788,1.82,1.243,1.235,0.797,1.613,1.516,0,0,0
55,1.368,0.682,0.749,0.347,0.242,0.751,1.249,1.187,0,0,0
56,1.368,0.945,0.419,-0.057,0.173,0.614,1.394,0.583,0,0,0
57,1.368,0.779,1.167,1.091,1.475,0.706,1.113,1.029,0,0,0
58,1.368,0.74,1.243,1.112,1.233,0.752,1.27,1.22,0,0,0
59,1.368,0.673,1.126,0.863,0.772,0.715,1.187,1.324,0,0,0
60,1.368,0.582,0.801,0.937,1.097,0.801,0.989,1.052,0,0,0
61,1.368,0.585,0.636,0.39,1.016,0.743,1.199,0.594,0,0,0
62,1.368,0.697,0.755,0.514,0.701,0.756,1.257,0.864,0,0,0
63,1.368,0.674,1.127,0.987,0.981,0.702,1.168,1.251,0,0,0
64,1.368,0.696,1.464,1.353,1.053,0.725,1.203,1.76,0,0,0
65,1.368,0.719,0.879,0.692,0.796,0.759,1.261,1.035,0,0,0
66,1.368,0.705,1.26,0.972,0.955,0.737,1.223,1.442,0,0,0
67,1.368,0.715,0.578,0.287,0.407,0.721,1.205,0.685,0,0,0
68,1.368,0.509,0.363,-0.06,0.269,0.699,1.195,0.201,0,0,0
69,1.368,0.67,0.615,-0.011,0.226,0.266,1.221,0.98,0,0,0
70,1.368,1.05,2.251,1.564,1.671,1.249,2.075,1.452,0,0,0
71,1.368,0.658,0.627,0.392,0.602,0.757,1.258,0.84,0,0,0
72,1.368,0.67,1.136,0.91,0.28,0.731,1.212,1.869,0,0,0
73,1.368,1.129,0.42,-0.06,0.059,0.403,1.684,1.41,0,0,0
74,1.368,0.566,0.69,0.408,0.834,0.791,1.317,0.713,0,0,0
75,1.368,0.555,0.375,-0.058,0.304,0.723,1.2,0.17,0,0,0
76,1.368,0.691,1.151,1.096,1.693,0.585,0.912,0.885,0,0,0
77,1.368,0.683,1.139,0.966,1.686,0.603,0.935,0.719,0,0,0
78,1.368,0.8,0.556,0.135,0.259,0.751,1.263,0.719,0,0,0
79,1.368,0.684,1.429,1.148,1.088,0.711,1.18,1.564,0,0,0
80,1.368,0.669,1.225,0.979,0.441,0.719,1.194,1.89,0,0,0
81,1.368,0.562,0.669,0.468,0.973,0.775,1.224,0.654,0,0,0
82,1.368,1.384,2.058,1.535,1.508,1.434,2.34,1.406,0,0,0
83,1.368,0.769,1.191,1.021,1.116,0.792,1.319,1.263,0,0,0
84,1.368,0.67,0.789,0.523,0.433,0.725,1.203,1.065,0,0,0
85,1.368,0.669,1.193,1.019,0.785,0.706,1.174,1.639,0,0,0
86,1.368,0.684,0.876,0.399,0.264,0.718,1.193,1.307,0,0,0
87,1.368,0.479,0.597,0.74,1.394,0.47,0.596,0.745,0,0,0
88,1.368,0.902,0.938,0.428,0.252,0.805,1.364,1.433,0,0,0
89,1.368,0.429,0.426,-0.041,0.673,0.783,1.305,0.234,0,0,0
90,1.368,0.72,0.601,0.156,0.241,0.535,1.206,0.867,0,0,0
91,1.368,0.625,0.634,0.325,0.759,0.76,1.263,0.636,0,0,0
92,1.368,0.718,1.125,1.095,1.493,0.681,1.058,1.01,0,0,0
93,1.368,0.403,0.342,-0.06,0.572,0.815,1.362,0.324,0,0,0
94,1.368,0.652,0.982,0.647,1.078,0.86,1.21,0.849,0,0,0
95,1.368,0.604,0.656,0.198,0.404,0.787,1.312,0.883,0,0,0
96,1.368,1.103,0.363,-0.06,0.099,0.4,1.63,1.388,0,0,0
97,1.368,0.58,0.681,0.659,1.13,0.753,0.864,0.751,0,0,0
98,1.368,0.455,0.465,0.462,0.99,0.768,0.786,0.433,0,0,0
99,1.368,0.508,0.55,0.158,0.244,0.221,0.837,0.784,0,0,0
100,1.368,1.163,0.405,-0.06,0.036,0.353,1.785,1.445,0,0,0
101,1.368,1.159,0.349,-0.06,0.023,0.244,1.763,1.438,0,0,0
102,1.368,0.993,2.182,1.218,1.341,0.909,1.764,1.246,0,0,0
103,1.368,0.858,1.376,0.547,0.65,0.875,1.469,1.683,0,0,0
104,1.368,0.777,1.214,0.828,0.911,0.801,1.336,1.272,0,0,0
105,1.368,0.685,1.076,0.795,0.69,0.71,1.187,1.248,0,0,0
106,1.368,1.071,2.254,1.914,1.857,0.943,1.569,1.903,0,0,0
107,1.368,0.67,1.128,0.841,0.368,0.721,1.197,1.714,0,0,0
108,1.368,0.712,1.523,1.298,1.224,0.727,1.391,1.472,0,0,0
109,1.368,0.217,0.199,-0.058,0.536,0.217,0.239,0.723,0,0,0
110,1.368,0.588,0.771,0.758,1.026,0.782,1.142,0.896,0,0,0
111,1.368,0.561,0.621,0.356,0.835,0.77,1.281,0.609,0,0,0
112,1.368,0.465,0.494,0.363,1.145,0.772,0.583,0.402,0,0,0
113,1.368,0.675,0.559,0.133,0.332,0.739,1.227,0.677,0,0,0
114,1.368,0.912,1.649,1.64,1.629,0.848,1.417,1.392,0,0,0
115,1.368,1.003,1.847,1.318,1.331,0.965,1.794,1.379,0,0,0
116,1.368,0.708,0.771,0.51,0.651,0.757,1.258,0.915,0,0,0
117,1.368,0.636,0.843,0.812,1.5,0.555,0.805,0.756,0,0,0
118,1.368,0.676,1.236,1.092,1.104,0.7,1.164,1.447,0,0,0
119,1.368,0.677,0.6,0.376,1.077,0.704,1.169,0.543,0,0,0
120,1.368,0.676,0.556,0.454,1.237,0.691,0.686,0.438,0,0,0
121,1.368,0.724,1.294,1.038,1.017,0.753,1.251,1.417,0,0,0
122,1.368,0.719,0.926,0.874,1.177,0.74,1.224,0.98,0,0,0
123,1.368,0.71,0.584,0.122,0.285,0.72,1.201,0.77,0,0,0
124,1.368,0.533,0.579,0.023,0.455,0.8,1.337,0.678,0,0,0
125,1.368,1.107,2.268,1.247,1.282,0.965,1.44,1.265,0,0,0
126,1.368,0.759,1.857,1.45,1.591,0.938,1.707,1.245,0,0,0
127,1.368,0.421,0.363,0.088,1.054,0.743,0.591,0.167,0,0,0
128,1.368,0.312,0.35,-0.055,0.447,0.22,0.949,0.224,0,0,0
129,1.368,0.567,0.632,0.358,0.929,0.749,1.243,0.571,0,0,0
130,1.368,0.762,1.545,1.099,1.132,0.784,1.4,1.455,0,0,0
131,1.368,0.579,0.797,0.583,1.231,0.809,0.844,0.649,0,0,0
132,1.368,0.683,1.749,1.47,1.426,0.679,1.824,1.395,0,0,0
133,1.368,0.745,1.688,1.153,1.067,0.771,1.282,1.644,0,0,0
134,1.368,0.647,0.866,0.641,1.111,0.809,1.097,0.809,0,0,0
135,1.368,0.706,0.83,0.477,0.345,0.719,1.198,1.169,0,0,0
136,1.368,0,0,0,-1,0,0,0,0,0,0
137,1.368,0.688,0.809,0.725,0.851,0.727,1.206,0.921,0,0,0
138,1.368,0.765,1.23,0.99,0.957,0.791,1.318,1.353,0,0,0
139,1.368,0.845,0.771,0.441,0.362,0.779,1.317,1.093,0,0,0
140,1.368,0.677,0.919,0.538,0.737,0.821,1.372,1.132,0,0,0
141,1.368,0.783,1.847,1.206,1.254,0.79,1.644,1.379,0,0,0
142,1.368,0.463,0.475,-0.06,0.281,0.724,1.349,0.532,0,0,0
143,1.368,0.695,1.677,1.214,1.256,0.706,1.464,1.478,0,0,0
144,1.368,0.566,0.791,0.692,1.172,0.814,0.886,0.801,0,0,0
145,1.368,0.671,1.132,0.962,0.914,0.699,1.166,1.393,0,0,0
146,1.368,0.709,0.75,0.722,1.168,0.73,0.976,0.778,0,0,0
147,1.368,0.482,0.493,0.273,0.917,0.769,1.278,0.36,0,0,0
148,1.368,0.288,0.828,0.874,0.776,0.395,0.604,1.457,0,0,0
149,1.368,0.702,1.167,0.92,1.306,0.709,1.178,0.966,0,0,0
150,1.368,0.68,1.006,0.768,0.753,0.724,1.202,1.197,0,0,0
151,1.368,0.802,1.192,1.049,1.905,0.513,0.78,0.816,0,0,0
152,1.368,0.679,1.161,0.936,0.378,0.742,1.233,1.85,0,0,0
153,1.368,0.702,0.786,0.452,0.485,0.768,1.278,1.206,0,0,0
154,1.368,0.737,0.916,0.683,0.724,0.794,1.325,1.098,0,0,0
155,1.368,0.467,0.42,0.456,1.15,0.721,0.548,0.424,0,0,0
156,1.368,1.179,0.386,-0.06,0.026,0.303,1.841,1.462,0,0,0
157,1.368,0.493,0.599,0.272,0.712,0.808,1.35,0.571,0,0,0
158,1.368,0.757,1.036,0.832,1.016,0.785,1.306,1.104,0,0,0
159,1.368,0.95,2.144,1.249,1.594,1.054,1.793,1.068,0,0,0
160,1.368,0.564,0.455,-0.059,0.255,0.559,1.249,0.475,0,0,0
161,1.368,1.2,2.283,1.298,1.678,1.435,2.341,1.247,0,0,0
162,1.368,0.683,1.523,1.171,0.782,0.725,1.204,1.877,0,0,0
163,1.368,0.706,0.795,0.571,0.709,0.751,1.248,0.914,0,0,0
164,1.368,0.675,1.053,0.827,0.845,0.703,1.173,1.176,0,0,0
165,1.368,0.681,1.136,0.929,0.999,0.71,1.18,1.289,0,0,0
166,1.368,0.606,0.812,0.7,0.942,0.805,1.341,0.895,0,0,0
167,1.368,0.691,1.047,0.766,0.819,0.732,1.215,1.243,0,0,0
168,1.368,0.681,1.562,1.334,1.079,0.708,1.176,1.9,0,0,0
169,1.368,0.681,0.97,0.511,0.239,0.719,1.194,1.443,0,0,0
170,1.368,0.751,1.32,1.356,1.282,0.758,1.353,1.41,0,0,0
171,1.368,0.63,0.753,0.454,1.275,0.753,0.78,0.483,0,0,0
172,1.368,0.674,1.084,0.82,0.669,0.721,1.196,1.316,0,0,0
173,1.368,0.517,0.476,0.041,0.562,0.769,1.279,0.567,0,0,0
174,1.368,0.565,0.645,0.397,1.036,0.765,1.016,0.574,0,0,0
175,1.368,0.796,2.167,1.514,1.81,1.422,2.34,1.246,0,0,0
176,1.368,0.598,0.6,0.33,0.923,0.756,1.256,0.517,0,0,0
177,1.368,0.816,1.333,0.958,1.601,0.727,1.178,0.753,0,0,0
178,1.368,0.927,1.835,1.151,1.28,0.838,1.678,1.246,0,0,0
179,1.368,0.842,1.46,0.904,0.957,0.856,1.434,1.341,0,0,0
180,1.368,0.523,0.454,-0.058,0.331,0.753,1.252,0.431,0,0,0
181,1.368,0.694,0.645,0.32,0.512,0.758,1.26,0.921,0,0,0
182,1.368,0.673,0.948,0.711,1.773,0.483,0.714,0.384,0,0,0
183,1.368,0.612,0.556,0.289,1.285,0.695,0.591,0.306,0,0,0
184,1.368,1.128,0.387,-0.06,0.09,0.426,1.693,1.413,0,0,0
185,1.368,0.645,0.721,0.46,0.834,0.759,1.262,0.772,0,0,0
186,1.368,0.575,0.749,0.981,1.182,0.786,0.852,0.997,0,0,0
187,1.368,0.679,0.847,0.631,0.679,0.726,1.204,0.998,0,0,0
188,1.368,0.679,1.134,1.04,0.944,0.711,1.18,1.346,0,0,0
189,1.368,0.673,0.514,-0.039,0.245,0.436,1.229,0.671,0,0,0
190,1.368,0.739,0.88,0.567,0.937,0.814,1.358,0.888,0,0,0
191,1.368,0.474,0.426,-0.06,0.24,0.228,1.128,0.422,0,0,0
192,1.368,0.669,0.599,0.231,0.267,0.728,1.208,0.843,0,0,0
193,1.368,0.69,1.3,1.027,2.006,0.525,0.865,0.63,0,0,0
194,1.368,0.694,1.183,0.942,0.613,0.704,1.174,1.891,0,0,0
195,1.368,0.765,1.96,1.604,1.845,0.881,1.491,1.304,0,0,0
196,1.368,0.692,0.98,0.621,0.284,0.718,1.194,1.43,0,0,0
197,1.368,0.683,1.042,0.906,1.2,0.695,1.172,1.054,0,0,0
198,1.368,0.681,0.651,0.245,0.386,0.744,1.236,0.888,0,0,0
199,1.368,0.671,0.954,0.71,0.569,0.725,1.203,1.389,0,0,0
200,1.368,0.838,1.583,1.019,1.391,0.838,1.57,1.003,0,0,0
201,1.368,0.79,1.25,0.845,1.27,0.797,1.326,0.931,0,0,0
202,1.368,0.599,0.737,0.33,0.746,0.781,1.3,0.818,0,0,0
203,1.368,0.674,1.282,1.089,1.411,0.672,1.304,1.071,0,0,0
204,1.368,0.481,0.555,-0.059,0.282,0.245,1.297,0.75,0,0,0
205,1.368,0.699,0.926,0.753,1.023,0.729,1.21,0.994,0,0,0
206,1.368,0.917,0.831,0.428,0.287,0.816,1.384,1.278,0,0,0
207,1.368,0,0,0,-1,0,0,0,0,0,0
208,1.368,0.709,0.876,0.765,1.055,0.738,1.224,0.963,0,0,0
209,1.368,0.691,0.889,0.734,0.878,0.728,1.208,0.991,0,0,0
210,1.368,0.67,0.648,0.424,0.71,0.713,1.184,0.657,0,0,0
211,1.368,1.019,2.126,1.232,1.105,0.794,1.595,1.539,0,0,0
212,1.368,0.738,1.138,0.632,0.366,0.795,1.328,1.641,0,0,0
213,1.368,1.009,1.802,0.803,0.943,0.905,1.56,1.246,0,0,0
214,1.368,1.059,2.263,1.548,2.156,1.343,2.198,1.517,0,0,0
215,1.368,0.676,0.53,0.139,0.242,0.72,1.195,0.688,0,0,0
216,1.368,0.733,1.036,0.826,0.931,0.763,1.268,1.137,0,0,0
217,1.368,0.67,0.462,0.04,0.266,0.58,1.199,0.455,0,0,0
218,1.368,0.782,1.316,1.005,0.993,0.806,1.343,1.374,0,0,0
219,1.368,0.509,0.421,-0.057,0.373,0.759,1.262,0.332,0,0,0
220,1.368,0.752,1.293,0.749,0.216,0.732,1.224,1.817,0,0,0
221,1.368,0.916,1.67,1.874,1.628,0.858,1.434,1.849,0,0,0
222,1.368,0.332,0.28,-0.059,0.596,0.784,1.307,0.242,0,0,0
223,1.368,0.742,1.029,0.701,0.771,0.78,1.3,1.238,0,0,0
224,1.368,1.401,2.05,1.914,2.237,1.351,2.2,1.911,0,0,0
225,1.368,0.708,0.996,0.592,0.248,0.721,1.2,1.468,0,0,0
226,1.368,0.694,0.809,0.713,0.843,0.734,1.218,0.908,0,0,0
227,1.368,0.669,0.683,0.405,0.426,0.719,1.193,0.862,0,0,0
228,1.368,0.685,0.726,0.603,0.84,0.708,1.185,0.768,0,0,0
229,1.368,0.71,0.37,-0.058,0.207,0.528,1.201,0.284,0,0,0
230,1.368,0.784,2.154,1.7,1.872,1.049,1.755,1.582,0,0,0
231,1.368,0.827,1.31,0.897,0.677,0.849,1.423,1.572,0,0,0
232,1.368,0.763,1.18,0.634,0.197,0.735,1.229,1.714,0,0,0
233,1.368,0.809,1.045,0.69,0.263,0.755,1.271,1.553,0,0,0
234,1.368,0.744,1.045,1.298,1.172,0.763,1.267,1.34,0,0,0
235,1.368,1.037,2.243,1.616,2.229,0.898,1.495,1.332,0,0,0
236,1.368,0.946,2.196,1.872,1.815,0.978,1.636,1.601,0,0,0
237,1.368,0.583,0.779,0.835,0.895,0.813,1.357,0.855,0,0,0
238,1.368,0.753,1.637,1.135,1.018,0.78,1.297,1.787,0,0,0
239,1.368,0.715,0.854,0.659,0.905,0.748,1.242,0.908,0,0,0
240,1.368,0.519,0.451,-0.055,0.355,0.75,1.247,0.421,0,0,0
241,1.368,1.025,1.003,0.502,0.131,0.875,1.488,1.328,0,0,0
242,1.368,0.36,0.436,0.272,0.834,0.386,0.577,0.464,0,0,0
243,1.368,0.724,1.101,0.753,0.591,1.103,1.859,1.384,0,0,0
244,1.368,0.659,0.962,0.775,0.879,0.808,1.289,1.09,0,0,0
245,1.368,0.669,0.727,0.562,1.11,0.689,1.15,0.731,0,0,0
246,1.368,0.856,1.332,1.395,1.526,0.757,1.227,1.216,0,0,0
247,1.368,0.671,0.903,0.637,0.485,0.713,1.184,1.362,0,0,0
248,1.368,0.718,1.4,1.065,0.967,0.749,1.243,1.614,0,0,0
249,1.368,0.843,1.47,0.813,1.515,0.753,1.136,0.728,0,0,0
250,1.368,0.533,0.706,0.265,0.342,1.076,1.794,1.268,0,0,0
251,1.368,0.886,1.458,-0.047,0.549,1.341,2.243,1.247,0,0,0
252,1.368,0.612,0.844,0.602,0.837,0.659,1.089,0.887,0,0,0
253,1.368,0.771,1.162,1.156,1.031,0.901,1.343,1.415,0,0,0
254,1.368,0.499,0.602,0.279,0.941,0.808,1.051,0.492,0,0,0
255,1.368,0.57,0.808,0.773,1.197,0.559,0.792,0.838,0,0,0
256,1.368,0.66,0.882,-0.06,0.115,1.438,2.335,1.272,0,0,0
257,1.368,0.669,1.126,0.774,0.475,0.718,1.191,1.572,0,0,0
258,1.368,0.687,1.21,0.989,1.465,0.677,1.211,0.919,0,0,0
259,1.368,0.594,0.897,0.629,1.344,0.586,0.923,0.63,0,0,0
260,1.368,0.524,0.722,0.247,0.497,0.595,0.91,1.103,0,0,0
261,1.368,0.48,0.668,0.512,0.844,0.489,0.776,0.785,0,0,0
262,1.368,0.544,0.625,0.382,0.901,0.777,1.293,0.572,0,0,0
263,1.368,1.075,2.254,1.247,1.159,0.877,1.46,1.577,0,0,0
264,1.368,1.057,1.144,0.629,0.198,0.923,1.571,1.734,0,0,0
265,1.368,0.375,0.463,0.309,0.302,0.61,1.094,0.953,0,0,0
266,1.368,0.562,0.806,0.308,1.461,0.548,0.699,0.279,0,0,0
267,1.368,0.669,1.143,0.978,0.773,0.707,1.175,1.572,0,0,0
268,1.368,0.51,0.653,0.098,0.652,0.827,1.384,0.702,0,0,0
269,1.368,0.762,1.222,1.11,0.924,0.928,1.586,1.73,0,0,0
270,1.368,0.704,1.532,1.156,1.004,0.734,1.219,1.88,0,0,0
271,1.368,0.669,1.023,0.781,0.751,0.707,1.176,1.192,0,0,0
272,1.368,0.803,1.426,1.141,1.112,0.822,1.509,1.431,0,0,0
273,1.368,0.228,0.219,-0.051,0.243,0.654,0.906,0.604,0,0,0
274,1.368,0.519,0.728,0.682,0.332,0.858,1.214,1.662,0,0,0
275,1.368,0.456,0.593,0.491,0.17,0.841,1.424,1.464,0,0,0
276,1.368,0.45,0.733,0.738,1.142,0.428,0.632,0.917,0,0,0
277,1.368,0.214,0.181,-0.002,0.168,0.675,0.961,0.693,0,0,0
278,1.368,0.721,1.572,1.229,1.019,0.75,1.246,1.878,0,0,0
279,1.368,0.703,0.74,0.634,1.321,0.707,0.762,0.648,0,0,0
280,1.368,0.573,0.769,0.831,0.803,0.623,1.038,1.184,0,0,0
281,1.368,0.529,0.693,0.372,1.133,0.522,0.729,0.404,0,0,0
282,1.368,0.457,0.605,0.328,1.014,0.439,0.642,0.458,0,0,0
283,1.368,0.764,1.171,0.626,0.731,1.046,1.77,1.169,0,0,0
284,1.368,0.961,1.576,1.371,1.41,0.977,1.589,1.328,0,0,0
285,1.368,1.211,0.27,-0.061,0.016,0.235,1.992,1.504,0,0,0
286,1.368,0.462,0.546,0.79,1.52,0.411,0.517,0.71,0,0,0
287,1.368,0.926,0.434,-0.048,0.134,0.348,1.36,0.918,0,0,0
288,1.368,0.271,0.294,0.262,0.751,0.364,0.464,0.399,0,0,0
289,1.368,0.616,0.902,0.501,1.536,0.605,0.807,0.404,0,0,0
290,1.368,0.213,0.18,0.222,0.244,0.489,0.812,0.722,0,0,0
291,1.368,0.736,1.916,1.508,1.651,0.988,1.782,1.266,0,0,0
292,1.368,0.214,0.183,0.065,0.368,0.344,0.482,0.685,0,0,0
293,1.368,0.56,0.668,0.862,1.479,0.489,0.645,0.827,0,0,0
294,1.368,0.467,0.603,0.432,0.254,1,1.601,1.442,0,0,0
295,1.368,0.726,1.041,0.732,0.866,0.761,1.264,1.168,0,0,0
296,1.368,0.669,0.923,0.759,0.964,0.695,1.159,0.997,0,0,0
297,1.368,0.539,0.854,0.679,0.833,0.492,0.855,0.977,0,0,0
298,1.368,1.322,2.196,1.616,1.712,1.023,1.643,1.321,0,0,0
299,1.368,0.64,0.888,0.449,0.393,0.686,1.204,1.26,0,0,0
300,1.368,0.595,0.813,0.717,0.854,0.645,1.088,0.956,0,0,0
301,1.368,0.692,1.063,0.794,0.514,0.756,1.257,1.701,0,0,0
302,1.368,0.524,0.757,0.401,0.996,0.436,0.702,0.631,0,0,0
303,1.368,0.691,1.002,0.789,0.571,1.018,1.736,1.441,0,0,0
304,1.368,0.705,1.077,1.123,0.898,0.798,1.378,1.492,0,0,0
305,1.368,0.542,0.798,0.816,1.018,0.584,0.778,1.119,0,0,0
306,1.368,0.62,0.8,0.862,1.638,0.491,0.715,0.687,0,0,0
307,1.368,0.852,0.417,-0.027,0.221,0.762,1.305,0.391,0,0,0
308,1.368,0.222,0.201,-0.012,0.172,0.703,1.057,0.669,0,0,0
309,1.368,1.063,1.7,1.06,1.292,1.108,1.818,1.161,0,0,0
310,1.368,0.723,1.123,0.941,1.003,0.842,1.463,1.235,0,0,0
311,1.368,1.042,1.547,0.374,0.738,1.096,1.922,1.216,0,0,0
312,1.368,0.57,0.762,0.593,0.374,0.947,1.659,1.458,0,0,0
313,1.368,0.213,0.179,0.315,1.732,0.263,0.325,0.134,0,0,0
314,1.368,0.961,2.148,1.352,1.266,0.832,1.495,1.631,0,0,0
315,1.368,0.412,0.537,0.552,0.225,0.821,1.314,1.32,0,0,0
316,1.368,0.341,0.46,0.209,1.378,0.341,0.46,0.209,0,0,0
317,1.368,0.533,0.777,0.775,1.242,0.54,0.832,0.833,0,0,0
318,1.368,0.589,0.828,0.439,1.113,0.583,0.908,0.615,0,0,0
319,1.368,0.212,0.178,0.3,0.786,0.295,0.316,-0.06,0,0,0
320,1.368,0.574,0.809,0.464,1,0.545,0.915,0.679,0,0,0
321,1.368,0.212,0.178,0.321,2.752,0.218,0.191,-0.058,0,0,0
322,1.368,0.266,0.292,-0.06,0.108,0.657,0.955,0.765,0,0,0
323,1.368,1.121,2.268,1.244,1.949,0.822,1.362,0.671,0,0,0
324,1.368,0.525,0.692,0.578,0.593,0.726,1.09,1.066,0,0,0
325,1.368,0.471,0.729,0.387,1.475,0.495,0.648,0.357,0,0,0
326,1.368,0.242,0.249,0.38,0.789,0.335,0.402,0.501,0,0,0
327,1.368,0.697,1.144,1.593,2.03,0.922,1.403,1.231,0,0,0
328,1.368,0.778,1.196,1.472,1.388,0.778,1.196,1.472,0,0,0
329,1.368,0.654,0.879,0.442,0.384,1.304,2.172,1.33,0,0,0
330,1.368,0.408,0.49,0.096,1.547,0.396,0.431,0.031,0,0,0
331,1.368,0.859,1.543,1.311,1.57,0.745,1.287,1.128,0,0,0
332,1.368,0.711,1.105,0.91,0.963,0.779,1.341,1.23,0,0,0
333,1.368,0.311,0.47,0.819,0.772,0.363,0.536,1.421,0,0,0
334,1.368,0.335,0.431,0.342,0.91,0.351,0.478,0.459,0,0,0
335,1.368,0.886,1.54,1.313,1.512,0.987,1.842,1.184,0,0,0
336,1.368,0.712,1.021,-0.059,0.28,1.053,1.575,1.492,0,0,0
337,1.368,0.4,0.542,0.544,1.459,0.415,0.547,0.567,0,0,0
338,1.368,0.423,0.541,0.567,0.765,0.563,0.784,0.726,0,0,0
339,1.368,0.283,0.579,0.97,1.648,0.537,1.014,0.799,0,0,0
340,1.368,0.241,0.303,1.054,1.944,0.498,0.82,0.747,0,0,0
341,1.368,0.497,0.722,0.735,0.852,0.562,0.848,1.012,0,0,0
342,1.368,0.372,0.469,0.166,0.603,0.443,0.673,0.725,0,0,0
343,1.368,0.213,0.18,0.086,0.254,0.549,0.825,0.535,0,0,0
344,1.368,0.656,1.01,0.837,0.7,0.781,1.397,1.542,0,0,0
345,1.368,0.22,0.28,0.89,2.099,0.539,0.699,0.452,0,0,0
346,1.368,0.214,0.181,-0.061,0.141,0.724,1.077,0.538,0,0,0
347,1.368,0.742,1.302,1.299,3.009,0.965,1.437,0.393,0,0,0
348,1.368,0.669,0.572,0.336,1.05,0.691,1.152,0.505,0,0,0
349,1.368,0.94,1.515,0.798,0.875,1.287,2.142,1.226,0,0,0
350,1.368,0.322,0.524,1.514,3.382,1.037,1.52,1.19,0,0,0
351,1.368,0.642,0.864,0.821,0.539,0.903,1.513,1.499,0,0,0
352,1.368,0.44,0.629,0.346,1.078,0.423,0.701,0.546,0,0,0
353,1.368,1.135,1.848,1.109,1.369,1.135,1.848,1.109,4,3,0
354,1.368,0.213,0.18,0.045,0.144,0.579,0.825,0.539,0,0,0
355,1.368,0.939,1.53,0.935,1.34,0.996,1.623,0.975,0,0,0
356,1.368,0.548,0.78,0.798,1.639,0.572,0.874,0.615,0,0,0
357,1.368,0.607,0.98,0.986,0.959,0.636,1.114,1.416,0,0,0
358,1.368,0.815,1.359,1.141,0.859,1.103,1.749,1.824,0,0,0
359,1.368,1.203,1.879,1.008,1.452,1.165,1.711,0.957,0,0,0
360,1.368,0.669,1.127,0.986,0.86,0.703,1.17,1.517,0,0,0
361,1.368,0.521,0.69,0.732,0.379,0.759,1.303,1.425,0,0,0
362,1.368,0.571,1.083,1.39,1.533,0.57,1.141,1.287,0,0,0
363,1.368,0.43,0.575,-0.061,0.01,1.44,2.341,1.162,0,0,0
364,1.368,0.522,0.924,0.718,0.879,0.766,1.271,1.068,0,0,0
365,1.368,0.513,0.929,0.967,1.482,0.53,1.002,0.915,0,0,0
366,1.368,0.339,0.439,0.201,0.55,0.382,0.576,0.822,0,0,0
367,1.368,0.956,1.441,1.102,1.511,0.828,1.222,1.108,0,0,0
368,1.368,0.67,0.802,0.513,0.418,0.727,1.206,1.129,0,0,0
369,1.368,0.657,0.886,-0.06,0.253,1.433,2.338,1.709,0,0,0
370,1.368,0.683,1.008,0.863,0.81,0.822,1.287,1.259,0,0,0
371,1.368,0.723,0.941,0.444,0.43,0.795,1.327,1.334,0,0,0
372,1.368,0.653,1.191,1.717,1.655,0.804,1.482,1.337,0,0,0
373,1.368,0.787,1.265,0.843,1.445,0.74,1.157,0.811,0,0,0
374,1.368,0.493,0.561,0.325,0.944,0.806,1.06,0.473,0,0,0
375,1.368,0.631,0.85,0.407,0.964,0.665,1.163,0.647,0,0,0
376,1.368,0.411,0.545,0.656,1.404,0.409,0.534,0.665,0,0,0
377,1.368,0.595,0.881,0.525,1.404,0.599,0.838,0.522,0,0,0
378,1.368,0.593,0.956,0.909,1.412,0.574,0.939,0.911,0,0,0
379,1.368,0.595,0.878,0.873,1.055,0.628,1.021,1.154,0,0,0
380,1.368,0.717,0.726,0.464,0.937,0.749,1.244,0.715,0,0,0
381,1.368,0.488,0.559,0.442,0.874,0.802,1.337,0.5,0,0,0
382,1.368,0.345,0.411,0.192,0.591,0.481,0.645,0.59,0,0,0
383,1.368,0.541,0.773,0.42,1.312,0.563,0.837,0.424,0,0,0
384,1.368,0.733,1.141,1.092,0.936,0.877,1.477,1.66,0,0,0
385,1.368,0.702,1.053,0.998,0.747,0.909,1.538,1.602,0,0,0
386,1.368,0.727,1.449,1.324,1.9,0.931,1.591,0.915,0,0,0
387,1.368,0.529,0.873,0.519,1.424,0.55,0.787,0.503,0,0,0
388,1.368,0.598,0.899,1.227,1.39,0.593,0.909,1.217,0,0,0
389,1.368,0.39,0.766,1.607,3.171,0.79,1.294,1.161,0,0,0
390,1.368,0.504,0.446,-0.039,0.421,0.765,1.272,0.403,0,0,0
391,1.368,0.526,0.393,0.201,1.027,0.702,0.929,0.219,0,0,0
392,1.368,0.495,0.815,1.442,1.278,0.519,0.723,1.539,0,0,0
393,1.368,0.244,0.32,1.274,2.048,0.634,1.029,0.776,0,0,0
394,1.368,0.317,0.366,0.43,0.676,0.476,0.651,0.682,0,0,0
395,1.368,0.449,0.576,0.229,0.606,0.596,0.819,0.57,0,0,0
396,1.368,0.928,1.369,0.746,1.112,0.897,1.48,0.888,0,0,0
397,1.368,1.077,1.695,1,1.195,1.16,1.912,1.213,0,0,0
398,1.368,0.443,0.577,0.246,0.165,0.985,1.66,1.37,0,0,0
399,1.368,0.277,0.298,0.588,0.665,0.452,0.619,0.807,0,0,0
400,1.368,1.118,1.96,1.268,1.599,1.248,2.102,1.161,0,0,0
401,1.368,0.69,1.068,0.868,0.965,0.654,1.097,1.153,0,0,0
402,1.368,0.997,1.701,1.437,1.494,0.922,1.567,1.332,0,0,0
403,1.368,0.603,0.807,0.448,0.287,1.133,1.827,1.612,0,0,0
404,1.368,0.454,0.575,0.217,1.109,0.423,0.551,0.25,0,0,0
405,1.368,0.596,0.971,0.616,1.548,0.559,0.77,0.548,0,0,0
406,1.368,0.508,0.697,0.794,0.814,0.603,0.895,1.134,0,0,0
407,1.368,0.407,0.56,0.253,0.129,0.31,0.461,1.256,0,0,0
408,1.368,0.474,0.674,1.023,1.938,0.592,0.786,0.782,0,0,0
409,1.368,0.292,0.325,0.316,0.456,0.571,0.846,0.677,0,0,0
410,1.368,1.074,1.99,1.528,1.525,0.988,2.254,1.353,0,0,0
411,1.368,1.234,2.02,1.185,1.292,1.248,2.071,1.293,0,0,0
412,1.368,0.525,0.641,0.345,0.89,0.809,1.349,0.582,0,0,0
413,1.368,0.705,0.767,0.48,1.077,0.734,1.217,0.69,0,0,0
414,1.368,0.253,0.361,0.245,0.361,0.351,0.555,0.691,0,0,0
415,1.368,0.76,1.094,0.561,1.295,0.747,1.199,0.607,0,0,0
416,1.368,0.701,1.191,0.969,1.051,0.73,1.212,1.283,0,0,0
417,1.368,0.778,1.202,1.099,1.318,0.78,1.209,1.132,0,0,0
418,1.368,0.679,0.965,0.777,1.294,0.688,1.079,0.826,0,0,0
419,1.368,0.259,0.272,0.343,0.737,0.374,0.467,0.641,0,0,0
420,1.368,0.57,0.758,0.2,0.465,0.858,1.404,0.871,0,0,0
421,1.368,0.972,1.627,0.977,1.163,0.928,1.603,1.219,0,0,0
422,1.368,0.573,0.771,0.442,1.067,0.531,0.806,0.522,0,0,0
423,1.368,0.957,1.52,0.792,0.819,1.266,2.053,1.243,0,0,0
424,1.368,0.377,0.563,0.344,1.19,0.335,0.51,0.401,0,0,0
425,1.368,0.751,1.183,0.665,0.617,1.203,1.957,1.236,0,0,0
426,1.368,0.567,0.827,0.72,1.232,0.591,0.885,0.769,0,0,0
427,1.368,0.528,0.81,1.508,1.88,0.842,1.433,1.101,0,0,0
428,1.368,0.602,0.964,0.577,1.529,0.587,0.875,0.501,0,0,0
429,1.368,0.574,0.802,0.81,0.877,0.656,1.03,1.13,0,0,0
430,1.368,0.753,1.147,0.618,0.843,0.846,1.5,1.118,0,0,0
431,1.368,1.091,1.651,-0.046,5.08,0.212,0.177,-0.06,0,0,0
432,1.368,0.879,1.224,-0.06,0.01,1.44,2.341,1.159,0,0,0
433,1.368,0.677,0.77,0.65,0.968,0.707,1.175,0.808,0,0,0
434,1.368,0.506,0.726,0.35,1.15,0.485,0.666,0.415,0,0,0
435,1.368,0.618,0.559,0.114,0.412,0.771,1.283,0.65,0,0,0
436,1.368,0.27,0.298,0.171,0.142,0.687,1.111,0.884,0,0,0
437,1.368,0.812,1.319,1.096,1.198,0.906,1.462,1.36,0,0,0
438,1.368,0.698,0.766,0.459,0.404,0.76,1.265,1.071,0,0,0
439,1.368,0.573,0.849,0.401,1.347,0.585,0.888,0.41,0,0,0
440,1.368,0.293,0.353,0.864,0.834,0.34,0.512,1.012,0,0,0
441,1.368,1.309,2.299,1.875,3.28,0.999,1.622,1.164,0,0,0
442,1.368,0.933,1.51,1.011,1.099,1.117,1.743,1.297,0,0,0
443,1.368,0.67,0.66,0.307,0.295,0.723,1.199,0.923,0,0,0
444,1.368,0.494,0.649,0.471,0.411,0.828,1.41,1.15,0,0,0
445,1.368,0.477,0.617,0.154,0.604,0.659,0.904,0.557,0,0,0
446,1.368,0.215,0.184,-0.061,0.101,0.353,0.295,0.359,4,10,0
447,1.368,0.771,1.194,0.699,1.493,0.673,0.969,0.685,0,0,0
448,1.368,0.425,0.542,0.412,0.197,0.871,1.498,1.192,4,5,0
449,1.368,0.595,0.814,0.933,0.939,0.637,1.108,1.035,0,0,0
450,1.368,1.09,1.592,0.101,5.566,0.212,0.177,-0.06,0,0,0
451,1.368,0.889,1.52,1.911,1.886,0.96,1.408,1.718,0,0,0
452,1.368,0.538,0.72,0.344,0.105,0.98,1.669,1.667,0,0,0
453,1.368,0.821,1.37,1.2,1.415,0.684,1.105,1.173,0,0,0
454,1.368,0.555,0.969,1.2,1.356,0.56,0.97,1.248,0,0,0
455,1.368,0.373,0.471,0.02,0.133,0.517,0.869,1.016,0,0,0
456,1.368,0.573,0.843,1.219,1.52,0.508,0.769,1.165,0,0,0
457,1.368,0.872,1.403,0.757,1.066,1.009,1.663,0.975,0,0,0
458,1.368,0.527,0.695,0.437,0.59,0.632,0.978,1.039,0,0,0
459,1.368,0.559,0.826,0.859,1.212,0.584,0.931,0.886,0,0,0
460,1.368,0.88,1.422,0.04,5.036,0.29,0.258,1.525,0,0,0
461,1.368,1.095,1.764,0.908,1.122,1.149,1.946,1.206,0,0,0
462,1.368,0.772,1.721,1.19,1.164,0.789,1.639,1.534,0,0,0
463,1.368,0.565,0.811,0.759,1.15,0.579,0.896,0.93,0,0,0
464,1.368,0.474,0.791,0.714,0.138,0.338,0.442,1.199,0,0,0
465,1.368,0.447,0.587,0.392,0.737,0.443,0.77,0.802,0,0,0
466,1.368,0.515,0.513,0.134,0.793,0.765,1.272,0.395,0,0,0
467,1.368,0.213,0.181,0.673,2.594,0.417,0.614,-0.059,0,0,0
468,1.368,0.959,1.544,0.886,1.098,1.168,1.858,1.021,0,0,0
469,1.368,0.515,0.646,0.207,0.62,0.831,1.391,0.843,0,0,0
470,1.368,0.599,0.919,0.631,1.426,0.6,0.885,0.621,0,0,0
471,1.368,0.623,1.143,1.015,1.246,0.558,0.991,1.116,0,0,0
472,1.368,0.52,0.708,0.64,0.217,0.724,1.235,1.692,0,0,0
473,1.368,1.192,0.417,-0.06,0.065,0.428,1.903,1.481,0,0,0
474,1.368,0.508,0.681,0.492,1.052,0.436,0.684,0.668,0,0,0
475,1.368,0.47,0.435,0.188,1.164,0.771,0.523,0.222,0,0,0
476,1.368,1.236,2.023,1.269,1.464,1.2,1.962,1.174,0,0,0
477,1.368,0.627,0.972,1.513,2.171,0.837,1.32,0.978,0,0,0
478,1.368,0.664,1.102,1.222,1.462,0.795,1.38,1.148,0,0,0
479,1.368,0.591,0.805,0.614,1.021,0.62,0.988,0.809,0,0,0
480,1.368,0.566,0.856,0.974,0.724,0.65,1.125,1.504,0,0,0
481,1.368,0.566,0.965,0.988,1.536,0.607,0.945,0.926,4,7,0
482,1.368,0.825,1.376,1.04,0.871,1.076,1.808,1.631,0,0,0
483,1.368,0.897,1.47,1.779,1.649,0.73,1.143,1.771,0,0,0
484,1.368,0.504,0.671,0.301,0.937,0.46,0.733,0.524,0,0,0
485,1.368,0.703,1.038,1.018,0.815,0.868,1.42,1.579,0,0,0
486,1.368,0.491,0.741,0.43,1.524,0.47,0.679,0.366,0,0,0
487,1.368,0.623,0.89,0.602,1.265,0.609,0.98,0.493,0,0,0
488,1.368,0.214,0.185,1.049,3.31,0.729,0.837,0.362,0,0,0
489,1.368,0.796,1.302,0.952,1.05,0.932,1.563,1.255,0,0,0
490,1.368,0.833,1.338,0.939,1.054,0.965,1.61,1.217,0,0,0
491,1.368,0.35,0.427,0.14,0.327,0.499,0.832,0.794,0,0,0
492,1.368,0.551,0.997,1.042,1.955,0.663,0.948,0.582,0,0,0
493,1.368,0.469,0.569,-0.06,0.481,0.81,1.397,0.705,0,0,0
494,1.368,0.396,0.558,0.558,0.928,0.436,0.566,0.636,0,0,0
495,1.368,0.415,0.639,1.125,2.576,0.611,0.815,0.704,0,0,0
496,1.368,0.613,1.031,0.979,1.562,0.665,1.131,0.854,0,0,0
497,1.368,0.759,1.72,1.532,1.449,0.786,1.682,1.479,0,0,0
498,1.368,0.719,1.1,0.858,1.017,0.817,1.3,1.052,0,0,0
499,1.368,0.684,0.987,0.977,0.805,0.822,1.346,1.485,0,0,0
500,1.368,0.704,1.041,0.769,0.619,1.101,1.805,1.282,0,0,0
501,1.368,0.644,1.127,1.908,2.603,0.791,1.208,1.41,0,0,0
502,1.368,0.607,0.893,0.808,0.93,0.659,1.109,1.052,0,0,0
503,1.368,0.723,0.866,0.894,1.888,0.386,0.544,0.613,0,0,0
504,1.368,0.87,1.4,0.879,1.032,1.07,1.815,1.128,0,0,0
505,1.368,0.505,1.14,1.064,1.414,0.475,1.199,1.026,0,0,0
506,1.368,0.669,0.649,0.228,0.392,0.757,1.258,0.876,0,0,0
507,1.368,1.204,1.958,1.083,1.369,1.204,1.958,1.083,4,1,0
508,1.368,0.85,1.431,-0.054,0.364,1.291,2.263,1.35,0,0,0
509,1.368,0.618,0.832,0.866,0.667,0.732,1.172,1.327,0,0,0
510,1.368,0.519,0.698,0.352,1.521,0.482,0.606,0.304,0,0,0
511,1.368,0.212,0.178,-0.061,0.064,0.505,0.651,0.34,0,0,0
512,1.368,0.928,1.497,0.818,1.032,1.138,1.871,1.037,0,0,0
513,1.368,0.851,1.187,0.739,0.201,0.771,1.299,1.731,0,0,0
514,1.368,0.435,0.512,0.027,1.238,0.432,0.644,0.132,0,0,0
515,1.368,0.876,1.577,1.71,1.371,0.876,1.577,1.71,0,0,0
516,1.368,0.301,0.341,0.17,0.622,0.339,0.448,0.575,0,0,0
517,1.368,1.167,1.865,1.035,1.255,1.198,1.962,1.154,0,0,0
518,1.368,0.747,0.9,0.719,2.794,0.406,0.585,0.293,0,0,0
519,1.368,0.374,0.476,0.399,0.358,0.739,1.207,0.983,0,0,0
520,1.368,0.804,1.325,1.044,0.909,1.013,1.712,1.512,0,0,0
521,1.368,0.747,0.977,0.822,1.034,0.774,1.287,1.068,0,0,0
522,1.368,0.71,0.698,0.469,0.854,0.748,1.242,0.725,0,0,0
523,1.368,0.857,1.63,1.371,2.239,0.606,0.991,1.087,0,0,0
524,1.368,0.446,0.571,0.131,0.3,0.855,1.42,0.981,0,0,0
525,1.368,0.513,0.743,0.319,1.392,0.503,0.722,0.308,0,0,0
526,1.368,0.697,1.026,0.908,1.163,0.73,1.123,1.146,4,5,0
527,1.368,0.421,0.536,0.484,1.397,0.42,0.532,0.495,0,0,0
528,1.368,0.768,1.362,0.858,1.693,0.791,1.028,0.561,0,0,0
529,1.368,0.798,1.238,0.833,1.328,0.786,1.313,0.85,0,0,0
530,1.368,0.809,1.33,0.756,0.7,1.299,2.089,1.258,0,0,0
531,1.368,0.56,0.839,0.807,1.173,0.55,0.871,0.859,0,0,0
532,1.368,0.807,1.288,-0.059,0.382,0.804,1.836,1.344,0,0,0
533,1.368,0.652,0.871,-0.032,0.353,1.131,1.759,0.921,0,0,0
534,1.368,0.284,0.309,-0.046,0.102,0.774,1.257,0.771,0,0,0
535,1.368,1.095,1.755,1.229,1.606,0.88,1.283,1.067,0,0,0
536,1.368,0.753,1.169,-0.06,0.283,1.335,2.272,1.462,0,0,0
537,1.368,0.589,0.884,0.545,1.458,0.564,0.814,0.524,0,0,0
538,1.368,0.213,0.179,0.628,2.732,0.418,0.522,0.141,0,0,0
539,1.368,0.405,0.574,0.728,1.477,0.447,0.566,0.692,4,6,0
540,1.368,0.232,0.219,0.091,0.44,0.581,0.788,0.441,0,0,0
541,1.368,0.655,0.909,0.763,1.168,0.715,1.094,0.882,0,0,0
542,1.368,0.79,1.277,1.175,1.109,0.899,1.35,1.729,4,6,0
543,1.368,0.814,1.351,0.773,0.595,1.211,1.953,1.293,0,0,0
544,1.368,0.825,1.373,1.195,0.965,1.056,1.751,1.907,0,0,0
545,1.368,0.95,1.503,0.9,0.902,1.327,2.165,1.185,0,0,0
546,1.368,0.532,0.775,0.545,1.318,0.516,0.831,0.573,0,0,0
547,1.368,0.646,0.912,0.312,0.933,0.652,1.161,0.677,0,0,0
548,1.368,0.531,0.725,0.633,0.895,0.597,0.895,0.811,0,0,0
549,1.368,0.832,1.4,0.842,0.798,1.121,1.881,1.302,0,0,0
550,1.368,0.847,1.339,0.889,1.084,0.969,1.624,1.133,0,0,0
551,1.368,0.212,0.178,0.682,2.265,0.322,0.352,0.202,0,0,0
552,1.368,0.262,0.282,0.235,0.207,0.563,0.969,0.782,0,0,0
553,1.368,0.752,1.17,0.855,0.839,0.921,1.567,1.318,0,0,0
554,1.368,0.213,0.179,-0.053,0.094,0.553,0.715,0.427,0,0,0
555,1.368,0.247,0.282,0.821,2.734,0.484,0.628,0.053,0,0,0
556,1.368,0.345,0.415,0.552,1.207,0.347,0.432,0.502,0,0,0
557,1.368,0.963,1.527,0.826,1.587,0.738,1.106,0.674,4,6,0
558,1.368,0.913,1.698,1.278,1.353,0.892,1.698,1.299,0,0,0
559,1.368,0.687,1.081,1.047,0.862,0.783,1.387,1.652,0,0,0
560,1.368,0.758,1.202,0.718,0.598,1.215,1.994,1.367,0,0,0
561,1.368,0.658,0.994,1.771,1.818,0.746,1.189,1.436,0,0,0
562,1.368,0.465,0.596,0.232,1.109,0.441,0.601,0.368,0,0,0
563,1.368,0.463,0.626,0.392,1.002,0.447,0.615,0.613,0,0,0
564,1.368,0.339,0.508,0.372,1.258,0.332,0.506,0.4,0,0,0
565,1.368,0.522,0.69,0.516,0.827,0.55,0.871,0.757,0,0,0
566,1.368,0.459,0.59,-0.059,0.521,0.581,0.877,0.852,0,0,0
567,1.368,0.637,0.854,0.699,0.67,0.748,1.242,0.929,0,0,0
568,1.368,0.969,1.493,0.989,1.171,1.147,1.916,1.222,0,0,0
569,1.368,0.594,0.834,0.733,0.85,0.687,1.047,1.019,0,0,0
570,1.368,0.408,0.524,0.5,0.916,0.39,0.638,0.722,0,0,0
571,1.368,0.54,0.712,0.479,0.539,0.76,1.185,1.071,0,0,0
572,1.368,0.212,0.178,-0.061,0.01,1.085,1.732,0.801,0,0,0
573,1.368,0.216,0.185,0.299,2.549,0.378,0.441,-0.01,0,0,0
574,1.368,0.365,0.552,1.075,1.502,0.416,0.722,1,1,3,1317
575,1.368,0.703,0.996,-0.06,0.287,1.432,2.338,1.523,0,0,0
576,1.368,1.217,2.085,1.789,1.939,1.226,2.069,1.667,0,0,0
577,1.368,0.648,0.875,0.787,1.297,0.668,0.929,0.811,0,0,0
578,1.368,0.407,0.561,0.77,0.811,0.419,0.667,1.218,0,0,0
579,1.368,0.502,0.73,0.588,1.284,0.519,0.786,0.603,0,0,0
580,1.368,0.588,0.82,0.921,1.363,0.592,0.843,0.931,4,0,0
581,1.368,0.42,0.628,0.622,1.292,0.435,0.688,0.632,0,0,0
582,1.368,0.369,0.449,0.24,0.799,0.431,0.565,0.465,0,0,0
583,1.368,0.515,0.674,0.763,1.084,0.496,0.706,0.69,0,0,0
584,1.368,0.574,0.764,-0.059,0.13,1.291,2.175,1.519,0,0,0
585,1.368,0.472,0.752,0.581,1.495,0.437,0.635,0.545,0,0,0
586,1.368,0.931,1.487,0.994,0.875,1.282,2.088,1.532,1,4,1305
587,1.368,0.357,0.458,0.739,1.408,0.354,0.469,0.735,0,0,0
588,1.368,0.418,0.56,0.369,1.003,0.403,0.608,0.54,0,0,0
589,1.368,0.674,1.216,1.597,1.932,0.687,1.143,1.318,0,0,0
590,1.368,0.365,0.472,0.034,0.131,0.365,0.543,1.095,0,0,0
591,1.368,1.171,1.947,1.514,1.546,1.086,1.857,1.477,0,0,0
592,1.368,0.541,0.847,1.112,1.146,0.522,0.751,1.16,0,0,0
593,1.368,0.564,0.753,1.395,1.128,0.568,0.754,1.54,0,0,0
594,1.368,0.212,0.178,-0.058,0.182,0.523,0.779,0.464,0,0,0
595,1.368,0.213,0.181,0.422,1.702,0.293,0.393,0.307,0,0,0
596,1.368,0.589,0.799,0.746,0.977,0.63,1.024,0.886,0,0,0
597,1.368,0.74,1.268,1.609,1.426,0.769,1.313,1.559,0,0,0
598,1.368,0.415,0.523,0.237,0.543,0.533,0.803,0.686,0,0,0
599,1.368,1.24,2.059,1.91,1.602,1.133,1.682,1.908,0,0,0
600,1.368,0.213,0.179,-0.058,0.185,0.503,0.706,0.439,0,0,0
601,1.368,0.301,0.434,0.483,0.129,0.581,0.766,0.793,0,0,0
602,1.368,0.389,0.48,0.127,0.608,0.596,0.764,0.458,0,0,0
603,1.368,0.382,0.509,0.377,1.341,0.382,0.511,0.376,0,0,0
604,1.368,0.704,1.038,0.95,0.675,0.926,1.571,1.58,0,0,0
605,1.368,0.725,1.375,0.98,0.838,0.762,1.267,1.624,0,0,0
606,1.368,0.687,1.181,0.838,1.592,0.737,1.081,0.661,0,0,0
607,1.368,0.357,0.436,-0.06,0.01,1.439,2.341,1.236,0,0,0
608,1.368,0.792,1.22,0.749,0.637,1.306,2.112,1.265,0,0,0
609,1.368,0.859,1.125,0.756,0.219,0.777,1.312,1.676,0,0,0
610,1.368,0.215,0.184,0.359,0.574,0.388,0.415,0.457,0,0,0
611,1.368,0.5,0.653,0.238,0.978,0.519,0.746,0.488,0,0,0
612,1.368,0.63,0.844,0.576,1.162,0.643,0.94,0.686,1,3,1278
613,1.368,0.789,1.218,0.799,1.448,0.778,1.175,0.811,0,0,0
614,1.368,0.594,0.795,0.732,0.527,0.801,1.357,1.348,0,0,0
615,1.368,0.716,1.278,1.771,1.407,0.728,1.316,1.755,0,0,0
616,1.368,0.518,0.685,0.618,0.91,0.559,0.905,0.767,0,0,0
617,1.368,0.369,0.447,0.249,0.617,0.571,0.738,0.478,0,0,0
618,1.368,0.376,0.604,0.37,1.673,0.41,0.509,0.211,0,0,0
619,1.368,0.569,0.756,0.3,0.083,0.733,1.148,1.795,0,0,0
620,1.368,0.462,0.59,-0.056,0.068,1.165,2.005,1.204,0,0,0
621,1.368,0.444,0.649,0.606,1.564,0.447,0.602,0.575,0,0,0
622,1.368,0.682,0.815,0.717,1.14,0.707,1.174,0.875,0,0,0
623,1.368,0.878,1.397,1.02,1.1,1.014,1.616,1.282,1,4,1266
624,1.368,0.513,0.679,0.72,0.726,0.512,0.912,1.102,0,0,0
625,1.368,0.863,1.357,0.907,0.806,1.19,1.956,1.4,0,0,0
626,1.368,0.232,0.231,-0.026,0.089,0.608,0.893,0.642,0,0,0
627,1.368,0.382,0.47,0.205,0.823,0.439,0.564,0.408,0,0,0
628,1.368,0.413,0.52,0.374,0.878,0.403,0.631,0.564,0,0,0
629,1.368,0.734,1.111,1.073,0.982,0.833,1.42,1.753,0,0,0
630,1.368,1.199,1.984,1.131,1.31,1.242,2.061,1.201,0,0,0
631,1.368,0.214,0.181,0.11,0.456,0.523,0.689,0.377,0,0,0
632,1.368,0.618,0.993,1.564,1.346,0.616,0.996,1.577,0,0,0
633,1.368,0.575,0.767,0.334,0.326,0.839,1.525,1.29,0,0,0
634,1.368,0.469,0.804,1.068,1.186,0.499,0.654,1.31,0,0,0
635,1.368,0.462,0.772,0.504,1.58,0.464,0.571,0.692,0,0,0
636,1.368,0.521,0.752,0.426,1.474,0.496,0.679,0.399,0,0,0
637,1.368,0.361,0.441,0.372,0.721,0.442,0.665,0.569,0,0,0
638,1.368,0.564,0.745,0.016,0.277,0.953,1.596,1.152,0,0,0
639,1.368,0.64,0.857,0.236,0.372,0.803,1.531,1.145,0,0,0
640,1.368,0.299,0.344,0.228,0.146,0.594,0.956,0.876,0,0,0
641,1.368,0.474,0.614,0.459,1.381,0.474,0.614,0.459,1,3,1255
642,1.368,0.598,0.802,0.719,0.273,0.95,1.557,1.809,0,0,0
643,1.368,0.747,1.353,1.31,1.794,0.973,1.75,1.027,0,0,0
644,1.368,0.574,0.768,0.72,1.348,0.576,0.775,0.727,0,0,0
645,1.368,0.491,0.684,0.433,0.827,0.537,0.779,0.622,0,0,0
646,1.368,0.649,0.916,0.897,0.874,0.769,1.176,1.178,0,0,0
647,1.368,0.618,0.955,1.02,1.599,0.726,1.165,0.861,0,0,0
648,1.368,0.581,0.836,0.634,0.635,0.686,1.215,1.214,0,0,0
649,1.368,1.08,1.842,0.05,0.105,0.212,0.177,0.744,0,0,0
650,1.368,0.472,0.798,0.577,1.743,0.474,0.625,0.459,0,0,0
651,1.368,0.213,0.179,0.497,0.194,0.406,0.627,0.535,0,0,0
652,1.368,0.287,0.316,0.709,0.406,0.624,0.854,1.168,0,0,0
653,1.368,0.787,1.391,1.487,1.378,0.787,1.391,1.487,1,3,1239
654,1.368,0.587,0.782,0.355,0.408,1.035,1.709,1.099,0,0,0
655,1.368,0.433,0.556,0.543,0.644,0.419,0.677,0.914,0,0,0
656,1.368,0.214,0.182,0.47,0.228,0.422,0.682,0.551,0,0,0
657,1.368,0.651,0.875,0.459,0.446,1.173,1.948,1.24,0,0,0
658,1.368,0.212,0.178,1.544,3.555,1.054,1.489,0.629,0,0,0
659,1.368,0.9,1.47,0.915,0.915,1.199,1.958,1.365,0,0,0
660,1.368,0.505,0.846,1.306,0.877,0.45,0.764,1.68,0,0,0
661,1.368,0.212,0.177,-0.042,2.235,0.212,0.177,-0.06,0,0,0
662,1.368,0.814,1.189,0.994,1.035,0.75,1.245,1.449,0,0,0
663,1.368,0.266,0.282,-0.061,0.094,0.669,0.875,0.643,0,0,0
664,1.368,0.844,1.239,0.545,0.764,1.107,1.731,1.013,0,0,0
665,1.368,0.613,0.893,0.716,0.916,0.646,1.096,0.956,0,0,0
666,1.368,0.734,1.1,-0.052,0.309,1.42,2.34,1.248,0,0,0
667,1.368,0.651,0.992,1.294,2.875,0.615,0.827,0.675,0,0,0
668,1.368,0.76,1.313,1.006,1.41,0.784,1.354,0.991,4,8,0
669,1.368,0.432,0.547,0.534,0.01,0.286,0.288,1.03,0,0,0
670,1.368,0.755,1.171,0.789,0.833,0.928,1.562,1.306,0,0,0
671,1.368,0.507,0.781,0.323,1.422,0.495,0.742,0.302,0,0,0
672,1.368,0.506,0.74,0.585,0.726,0.632,0.936,0.915,0,0,0
673,1.368,0.823,1.433,1.371,1.952,0.794,1.355,0.975,0,0,0
674,1.368,0.941,1.56,0.948,1.491,0.86,1.361,0.884,0,0,0
675,1.368,0.214,0.183,0.026,0.247,0.498,0.777,0.543,0,0,0
676,1.368,0.213,0.179,0.051,2.944,0.218,0.18,-0.061,0,0,0
677,1.368,0.224,0.213,0.164,0.124,0.372,0.57,0.778,0,0,0
678,1.368,0.632,0.693,0.564,1.234,0.743,0.758,0.607,0,0,0
679,1.368,0.662,1.064,0.814,1.346,0.666,1.08,0.826,0,0,0
680,1.368,0.468,0.738,0.368,1.575,0.45,0.556,0.245,0,0,0
681,1.368,0.654,0.897,0.772,1.132,0.695,1.08,0.941,0,0,0
682,1.368,0.673,0.951,1.023,1.372,0.673,0.951,1.023,4,3,0
683,1.368,0.516,0.776,0.503,1.528,0.5,0.693,0.467,0,0,0
684,1.368,0.844,1.27,-0.023,0.763,1.166,1.778,0.637,0,0,0
685,1.368,0.218,0.199,0.6,0.202,0.521,0.816,0.858,0,0,0
686,1.368,0.859,1.404,0.947,1.039,1.022,1.728,1.281,0,0,0
687,1.368,0.393,0.621,0.53,0.205,0.647,1.057,1.143,0,0,0
688,1.368,0.546,0.722,0.321,0.82,0.584,0.903,0.734,0,0,0
689,1.368,0.753,1.262,1.622,1.687,0.762,1.471,1.364,0,0,0
690,1.368,0.218,0.192,0.009,0.088,0.674,0.929,0.637,0,0,0
691,1.368,0.575,0.773,0.461,0.628,0.721,1.182,1.086,0,0,0
692,1.368,0.741,1.197,1.482,2.046,0.925,1.611,1.052,0,0,0
693,1.368,0.685,0.669,0.459,0.619,0.703,1.171,0.896,0,0,0
694,1.368,0.63,1.01,0.677,1.514,0.623,0.879,0.644,1,4,1198
695,1.368,0.214,0.184,-0.059,0.096,0.566,0.738,0.46,0,0,0
696,1.368,0.49,0.714,0.281,1.294,0.489,0.807,0.32,0,0,0
697,1.368,0.848,1.384,1.122,1.336,0.874,1.439,1.15,0,0,0
698,1.368,0.339,0.524,0.464,1.589,0.322,0.451,0.359,0,0,0
699,1.368,0.354,0.424,0.141,0.325,0.723,1.148,0.758,0,0,0
700,1.368,0.331,0.384,0.392,0.628,0.476,0.676,0.686,0,0,0
701,1.368,0.563,0.746,-0.059,0.143,1.384,2.305,1.513,0,0,0
702,1.368,0.356,0.435,0.22,0.757,0.426,0.59,0.393,0,0,0
703,1.368,0.747,1.138,0.737,0.669,1.13,1.893,1.307,0,0,0
704,1.368,0.36,0.458,0.234,0.158,0.831,1.374,1.134,0,0,0
705,1.368,0.354,0.437,0.199,0.432,0.683,1.055,0.705,0,0,0
706,1.368,0.657,1.546,1.51,1.889,0.827,1.673,1.085,0,0,0
707,1.368,0.464,0.794,0.388,1.639,0.473,0.61,0.226,0,0,0
708,1.368,0.683,1.219,1.252,1.803,0.638,0.923,1.058,0,0,0
709,1.368,0.397,0.497,0.518,0.65,0.515,0.797,0.87,0,0,0
710,1.368,0.601,0.861,0.633,1.034,0.634,1.094,0.927,0,0,0
711,1.368,1.178,1.806,0.827,1.338,1.181,1.899,0.864,0,0,0
712,1.368,0.297,0.432,0.514,1.321,0.298,0.409,0.523,0,0,0
713,1.368,0.713,1.111,1.034,1.37,0.713,1.111,1.034,4,0,0
714,1.368,0.964,1.688,1.253,1.613,1.066,1.838,1.105,0,0,0
715,1.368,0.483,0.722,1.396,2.394,0.705,1.11,0.791,0,0,0
716,1.368,0.934,1.4,1.219,1.082,0.963,1.588,1.403,0,0,0
717,1.368,0.383,0.471,0.146,0.535,0.524,0.738,0.799,0,0,0
718,1.368,0.456,0.697,0.49,1.009,0.43,0.719,0.758,0,0,0
719,1.368,0.493,0.781,0.521,0.545,0.352,0.541,1.109,0,0,0
720,1.368,0.78,1.19,0.859,0.922,0.935,1.605,1.17,0,0,0
721,1.368,0.512,0.667,0.108,1.045,0.498,0.681,0.275,0,0,0
722,1.368,0.61,0.883,0.715,0.899,0.655,1.053,0.912,0,0,0
723,1.368,0.331,0.529,0.888,2.481,0.569,0.752,0.269,0,0,0
724,1.368,1.113,1.777,0.83,1.446,1.06,1.653,0.783,0,0,0
725,1.368,0.214,0.184,0.922,0.302,0.51,0.744,0.712,0,0,0
726,1.368,1.44,2.341,1.504,2.073,1.348,2.138,1.023,0,0,0
727,1.368,0.497,0.65,0.359,0.54,0.709,1.116,0.825,0,0,0
728,1.368,0.376,0.592,0.408,0.291,0.573,0.924,0.844,0,0,0
729,1.368,1.192,1.9,1.112,1.483,1.126,1.706,1.063,0,0,0
730,1.368,1.126,1.879,1.766,1.476,0.923,1.564,1.87,0,0,0
731,1.368,0.884,1.402,0.885,0.785,1.224,2.025,1.452,0,0,0
732,1.368,0.213,0.179,-0.057,0.095,0.539,0.71,0.431,0,0,0
733,1.368,0.319,0.38,0.226,0.444,0.615,0.903,0.655,0,0,0
734,1.368,1.08,1.792,1.034,1.16,1.23,2.057,1.3,0,0,0
735,1.368,0.342,0.403,0.001,0.65,0.507,0.682,0.32,0,0,0
736,1.368,0.53,0.698,0.442,1.074,0.521,0.746,0.607,0,0,0
737,1.368,1.287,2.174,1.565,1.852,1.107,1.849,1.43,0,0,0
738,1.368,0.729,1.036,0.524,1.032,0.818,1.271,0.799,0,0,0
739,1.368,0.593,0.854,0.738,0.847,0.678,1.037,1.108,0,0,0
740,1.368,0.717,1.079,0.742,0.539,1.154,1.922,1.514,0,0,0
741,1.368,0.234,0.221,0.355,0.356,0.541,0.763,0.442,0,0,0
742,1.368,0.523,0.695,0.48,1.39,0.513,0.671,0.485,0,0,0
743,1.368,0.213,0.179,0.071,0.208,0.457,0.629,0.557,0,0,0
744,1.368,0.32,0.392,1.913,2.378,1.06,1.839,1.273,0,0,0
745,1.368,0.212,0.178,0.463,2.921,0.348,0.454,0.024,0,0,0
746,1.368,0.344,0.412,0.425,0.674,0.415,0.671,0.744,0,0,0
747,1.368,1.237,1.94,0.56,0.784,1.439,2.341,1.247,0,0,0
748,1.368,0.698,1.02,0.973,0.677,0.947,1.577,1.571,0,0,0
749,1.368,0.628,0.843,0.671,0.936,0.69,1.078,0.886,0,0,0
750,1.368,0.441,0.621,0.38,0.335,0.74,1.227,1.116,0,0,0
751,1.368,0.806,1.303,0.713,0.77,1.077,1.831,1.282,0,0,0
752,1.368,0.494,0.646,0.544,0.764,0.539,0.836,0.709,0,0,0
753,1.368,0.236,0.226,0.171,0.662,0.535,0.659,0.311,0,0,0
754,1.368,0.625,0.895,0.387,1.249,0.588,1.006,0.465,0,0,0
755,1.368,0.983,1.522,1.139,1.251,1.04,1.684,1.241,0,0,0
756,1.368,0.409,0.657,1.321,1.683,0.437,1.027,1.048,0,0,0
757,1.368,0.51,0.733,0.229,1.278,0.462,0.795,0.271,0,0,0
758,1.368,0.744,1.146,1.084,1.368,0.744,1.146,1.084,1,4,1130
759,1.368,0.604,0.808,-0.06,0.145,1.389,2.29,1.538,0,0,0
760,1.368,0.612,0.818,0.53,0.939,0.654,0.991,0.672,0,0,0
761,1.368,0.333,0.412,0.202,0.461,0.583,0.875,0.722,1,4,1125
762,1.368,0.466,0.604,0.438,0.278,0.644,1.113,1.222,0,0,0
763,1.368,0.597,0.924,0.943,1.348,0.597,0.939,0.937,0,0,0
764,1.368,0.5,0.651,-0.059,0.103,1.416,2.332,1.382,0,0,0
765,1.368,0.215,0.184,-0.052,0.201,0.591,0.897,0.552,0,0,0
766,1.368,0.297,0.352,0.093,0.443,0.651,0.947,0.565,0,0,0
767,1.368,0.546,0.721,0.374,0.593,0.718,1.164,0.852,0,0,0
768,1.368,0.543,0.716,-0.058,0.131,1.393,2.261,1.446,0,0,0
769,1.368,0.648,0.917,0.749,0.715,0.845,1.342,1.253,1,4,1118
770,1.368,0.507,0.683,0.474,0.94,0.466,0.735,0.622,0,0,0
771,1.368,0.624,0.932,0.569,0.854,0.676,1.109,1.065,0,0,0
772,1.368,0.861,1.442,1.055,0.968,1.038,1.709,1.379,0,0,0
773,1.368,0.43,0.544,0.009,0.574,0.649,0.906,0.554,0,0,0
774,1.368,0.544,0.878,0.785,1.481,0.546,0.853,0.754,0,0,0
775,1.368,0.358,0.63,1.24,2.803,0.89,1.309,0.508,0,0,0
776,1.368,0.499,0.707,0.4,0.272,0.885,1.557,1.264,0,0,0
777,1.368,0.523,0.784,0.705,0.713,0.526,0.951,1.129,0,0,0
778,1.368,0.68,0.985,0.484,1.516,0.652,0.86,0.414,0,0,0
779,1.368,0.946,1.493,0.896,1.1,1.092,1.721,1.133,1,4,1112
780,1.368,0.712,1.074,1.247,0.807,0.834,1.266,1.569,0,0,0
781,1.368,0.401,0.499,0.127,0.496,0.651,0.983,0.7,0,0,0
782,1.368,0.884,1.454,0.833,0.773,1.29,2.091,1.356,0,0,0
783,1.368,0.81,1.316,1.043,0.731,1.167,1.92,1.732,1,3,1104
784,1.368,0.508,0.665,0.506,0.751,0.63,0.932,0.773,0,0,0
785,1.368,0.979,1.545,-0.052,0.556,1.379,2.29,1.247,0,0,0
786,1.368,0.516,0.798,0.095,0.113,1.107,1.834,1.508,0,0,0
787,1.368,0.346,0.635,0.828,2.24,0.547,0.71,0.549,0,0,0
788,1.368,0.734,1.129,0.748,0.978,0.853,1.471,1.022,0,0,0
789,1.368,0.262,0.268,-0.038,0.453,0.44,0.638,0.443,4,5,0
790,1.368,0.45,0.634,0.436,0.797,0.508,0.732,0.592,1,4,1102
791,1.368,0.56,0.773,0.396,0.347,1.044,1.741,1.312,0,0,0
792,1.368,0.498,0.712,0.49,0.888,0.503,0.785,0.765,0,0,0
793,1.368,0.584,0.864,0.665,1.275,0.606,0.923,0.706,0,0,0
794,1.368,0.518,0.681,0.439,0.01,0.898,1.552,1.911,0,0,0
795,1.368,0.472,0.61,0.596,0.01,0.584,1.411,1.902,0,0,0
796,1.368,0.446,0.574,0.45,0.334,0.749,1.287,1.062,0,0,0
797,1.368,0.728,1.112,0.819,0.902,0.879,1.377,1.213,1,4,1094
798,1.368,0.972,1.702,1.315,1.413,0.989,1.728,1.281,0,0,0
799,1.368,0.519,0.751,0.453,1.269,0.516,0.808,0.476,0,0,0
800,1.368,0.683,0.974,0.687,0.723,0.9,1.5,1.17,0,0,0
801,1.368,0.769,1.233,0.691,0.717,1.148,1.813,1.2,4,5,0
802,1.368,0.53,0.699,-0.06,0.01,1.44,2.341,1.268,0,0,0
803,1.368,0.502,0.653,0.359,0.833,0.553,0.803,0.451,0,0,0
804,1.368,0.445,0.568,0.627,0.934,0.458,0.674,0.686,0,0,0
805,1.368,1.106,1.876,1.63,1.799,0.999,1.902,1.284,0,0,0
806,1.368,0.469,0.652,0.41,0.949,0.483,0.659,0.586,0,0,0
807,1.368,0.785,1.406,1.337,1.005,0.589,1.14,1.91,1,3,1077
808,1.368,0.605,0.808,0.153,0.699,0.67,1.179,0.698,0,0,0
809,1.368,0.897,1.471,1.337,1.248,0.876,1.507,1.436,0,0,0
810,1.368,0.212,0.178,0.662,2.603,0.355,0.436,0.279,0,0,0
811,1.368,0.521,0.697,-0.06,0.094,1.436,2.335,1.687,0,0,0
812,1.368,0.721,1.094,0.856,2.223,0.652,0.824,0.353,1,6,1074
813,1.368,0.71,1.119,1.169,1.369,0.71,1.119,1.169,0,0,0
814,1.368,0.552,0.766,0.264,1.339,0.574,0.802,0.287,0,0,0
815,1.368,0.572,0.759,-0.055,0.161,1.385,2.262,1.494,0,0,0
816,1.368,0.637,0.857,0.624,0.371,0.978,1.717,1.568,0,0,0
817,1.368,0.462,0.784,0.64,1.309,0.465,0.765,0.677,0,0,0
818,1.368,0.425,0.536,0.53,1.092,0.409,0.539,0.574,0,0,0
819,1.368,0.831,1.406,0.969,1.303,0.806,1.388,1.024,0,0,0
820,1.368,0.445,0.804,0.912,2.32,0.621,0.901,0.316,0,0,0
821,1.368,0.602,0.804,0.271,0.42,1.024,1.637,1.048,0,0,0
822,1.368,0.362,0.591,0.249,1.431,0.374,0.621,0.207,0,0,0
823,1.368,0.212,0.177,0.774,2.232,0.35,0.565,-0.059,0,0,0
824,1.368,0.792,1.271,-0.057,0.354,0.93,1.755,1.413,0,0,0
825,1.368,0.354,0.423,0.357,0.724,0.483,0.634,0.477,0,0,0
826,1.368,0.652,0.877,0.52,0.546,1.021,1.703,1.164,0,0,0
827,1.368,0.512,0.672,0.662,0.757,0.56,0.802,0.703,0,0,0
828,1.368,0.213,0.181,0.912,2.278,0.509,0.901,0.39,0,0,0
829,1.368,0.643,0.927,0.64,0.935,0.659,1.102,0.989,0,0,0
830,1.368,0.356,0.454,0.39,0.37,0.45,0.758,0.905,0,0,0
831,1.368,0.864,1.487,1.244,1.27,0.874,1.498,1.365,0,0,0
832,1.368,0.708,1.05,0.619,0.53,1.082,1.836,1.459,0,0,0
833,1.368,0.213,0.179,0.766,2.597,0.461,0.785,0.178,0,0,0
834,1.368,0.617,0.826,0.678,0.943,0.669,1.003,0.953,0,0,0
835,1.368,0.397,0.491,0.318,0.681,0.434,0.688,0.685,0,0,0
836,1.368,0.59,0.906,0.724,1.346,0.598,0.922,0.731,0,0,0
837,1.368,0.379,0.471,0.199,1.141,0.367,0.525,0.306,0,0,0
838,1.368,0.622,0.834,0.403,0.436,0.927,1.598,1.222,0,0,0
839,1.368,0.273,0.346,0.115,0.207,0.679,1.044,0.732,0,0,0
840,1.368,0.572,0.764,0.552,1.084,0.556,0.905,0.745,0,0,0
841,1.368,0.967,1.526,0.865,1.064,1.11,1.802,1.077,0,0,0
842,1.368,0.215,0.183,0.082,0.281,0.532,0.762,0.62,0,0,0
843,1.368,0.43,0.553,0.382,0.647,0.476,0.813,0.782,0,0,0
844,1.368,0.491,0.663,0.406,1.449,0.489,0.638,0.41,0,0,0
845,1.368,0.567,0.773,0.847,0.685,0.633,1.137,1.297,0,0,0
846,1.368,0.213,0.179,0.062,0.257,0.546,0.734,0.431,0,0,0
847,1.368,0.919,1.534,1.071,0.997,1.091,1.843,1.472,0,0,0
848,1.368,0.67,0.916,0.537,1.027,0.751,1.149,0.71,0,0,0
849,1.368,0.786,1.243,0.913,0.977,0.937,1.617,1.26,0,0,0
850,1.368,0.277,0.322,0.576,0.226,0.593,0.819,0.845,0,0,0
851,1.368,0.59,0.867,0.724,1.029,0.616,1.01,0.917,0,0,0
852,1.368,1.182,1.932,1.201,1.368,1.182,1.932,1.201,4,3,0
853,1.368,1.125,1.826,0.985,1.384,1.125,1.826,0.985,4,3,0
854,1.368,1.096,1.796,1.109,1.384,1.096,1.796,1.109,4,3,0
855,1.368,0.648,0.929,0.949,0.887,0.72,1.249,1.234,0,0,0
856,1.368,0.769,1.13,-0.06,0.301,1.303,2.234,1.849,0,0,0
857,1.368,0.948,1.427,0.476,0.72,1.232,2.116,1.248,0,0,0
858,1.368,0.491,0.638,0.415,0.696,0.544,0.854,0.67,0,0,0
859,1.368,0.771,1.356,1.16,1.73,0.847,1.416,0.905,0,0,0
860,1.368,0.88,1.448,0.872,0.79,1.195,1.96,1.495,0,0,0
861,1.368,0.491,0.649,0.243,0.744,0.55,0.791,0.633,0,0,0
862,1.368,0.478,0.648,0.476,0.902,0.529,0.713,0.672,0,0,0
863,1.368,0.438,0.557,0.316,0.988,0.464,0.61,0.46,0,0,0
864,1.368,0.682,0.978,1.047,1.014,0.682,1.052,1.13,0,0,0
865,1.368,0.31,0.351,-0.06,0.514,0.514,0.714,0.47,0,0,0
866,1.368,0.24,0.239,0.147,0.429,0.517,0.75,0.468,0,0,0
867,1.368,0.598,0.806,0.435,1.062,0.608,0.945,0.567,0,0,0
868,1.368,0.73,1.115,1.076,1.098,0.827,1.273,1.161,1,3,1025
869,1.368,0.809,1.293,0.943,1.295,0.841,1.399,0.994,1,3,1024
870,1.368,0.77,1.247,0.924,0.809,0.983,1.664,1.429,0,0,0
871,1.368,0.679,0.949,-0.06,0.259,1.423,2.335,1.529,0,0,0
872,1.368,0.743,1.141,0.644,0.61,1.233,1.979,1.222,0,0,0
873,1.368,0.674,1.029,0.905,1.368,0.674,1.029,0.905,4,0,0
874,1.368,0.302,0.421,0.8,2.207,0.494,0.61,0.276,0,0,0
875,1.368,0.897,1.392,1.084,1.077,1.038,1.746,1.401,0,0,0
876,1.368,0.556,0.736,0.551,0.582,0.762,1.198,1.11,0,0,0
877,1.368,0.638,0.859,0.651,0.543,0.843,1.435,1.373,0,0,0
878,1.368,0.673,1.005,0.867,0.907,0.772,1.282,1.16,0,0,0
879,1.368,0.797,1.304,0.89,0.832,1.054,1.729,1.336,0,0,0
880,1.368,0.215,0.187,0.126,0.274,0.49,0.75,0.526,0,0,0
881,1.368,0.496,0.645,0.403,1.061,0.502,0.659,0.596,0,0,0
882,1.368,0.222,0.21,0.466,0.098,0.391,0.505,0.598,0,0,0
883,1.368,0.348,0.546,0.674,2.194,0.433,0.513,0.248,0,0,0
884,1.368,0.213,0.179,-0.06,0.527,0.233,0.23,0.199,0,0,0
885,1.368,0.598,0.799,0.731,1.368,0.598,0.799,0.731,4,1,0
886,1.368,0.985,1.511,1.02,1.028,1.227,1.962,1.285,0,0,0
887,1.368,0.465,0.599,0.364,0.533,0.634,1.015,0.923,0,0,0
888,1.368,0.492,0.641,0.763,1.068,0.482,0.636,0.799,0,0,0
889,1.368,1.279,2.121,1.54,1.55,1.157,1.93,1.543,0,0,0
890,1.368,0.903,1.365,-0.001,0.792,1.196,1.894,0.807,0,0,0
891,1.368,0.277,0.317,-0.056,0.235,0.701,1.064,0.69,0,0,0
892,1.368,0.689,1.066,0.923,1.429,0.698,1.063,0.897,1,2,1004
893,1.368,0.53,0.734,0.543,0.933,0.544,0.829,0.756,0,0,0
894,1.368,0.362,0.439,0.309,0.662,0.441,0.659,0.63,0,0,0
895,1.368,0.686,1.086,1.021,0.874,0.718,1.213,1.518,0,0,0
896,1.368,0.912,1.484,0.819,0.853,1.234,2.028,1.256,0,0,0
897,1.368,0.503,0.663,0.309,0.999,0.453,0.683,0.483,0,0,0
898,1.368,0.399,0.498,0.279,0.545,0.545,0.831,0.803,0,0,0
899,1.368,0.727,1.121,0.948,1.18,0.764,1.297,1.12,0,0,0
900,1.368,0.512,0.673,0.793,0.696,0.469,0.806,1.26,0,0,0
901,1.368,0.788,1.265,0.979,1.01,0.938,1.49,1.432,4,6,0
902,1.368,0.559,0.741,-0.06,0.22,1.438,2.338,1.477,0,0,0
903,1.368,0.422,0.533,0.276,0.634,0.536,0.789,0.691,0,0,0
904,1.368,0.487,0.749,0.113,0.105,1.186,2.022,1.47,4,5,0
905,1.368,0.436,0.555,0.227,0.589,0.545,0.818,0.784,0,0,0
906,1.368,1.227,1.772,1.038,1.371,1.227,1.772,1.038,0,0,0
907,1.368,0.659,1.201,1.505,2.373,0.824,1.341,0.981,0,0,0
908,1.368,0.586,0.782,0.305,1.007,0.545,0.859,0.484,0,0,0
909,1.368,0.579,0.771,0.989,1.208,0.597,0.797,0.982,0,0,0
910,1.368,0.78,1.251,0.828,0.737,1.11,1.804,1.471,0,0,0
911,1.368,0.411,0.516,0.196,0.535,0.497,0.747,0.756,0,0,0
912,1.368,0.987,1.491,0.835,1.004,1.158,1.933,1.206,0,0,0
913,1.368,0.518,0.752,0.418,0.952,0.498,0.87,0.757,0,0,0
914,1.368,0.83,1.33,0.864,1.047,1.024,1.569,1.119,1,3,984
915,1.368,1.157,1.92,1.036,1.407,1.145,1.899,1.015,0,0,0
916,1.368,0.391,0.483,0.182,0.603,0.423,0.626,0.619,0,0,0
917,1.368,0.223,0.204,-0.009,0.113,0.684,1.01,0.605,0,0,0
918,1.368,1.198,1.906,1.714,1.46,1.12,1.758,1.782,0,0,0
919,1.368,0.298,0.418,0.621,0.432,0.487,0.653,0.898,0,0,0
920,1.368,0.288,0.323,0.085,0.137,0.733,1.142,0.898,0,0,0
921,1.368,0.465,0.602,0.268,0.555,0.568,0.928,0.922,0,0,0
922,1.368,0.835,1.426,1.179,1.377,0.835,1.426,1.179,0,0,0
923,1.368,1.134,1.856,1.169,1.37,1.134,1.856,1.169,0,0,0
924,1.368,0.584,1.007,0.982,1.421,0.599,1.041,0.969,0,0,0
925,1.368,0.614,0.837,0.538,0.451,1.144,1.84,1.218,0,0,0
926,1.368,0.577,0.922,0.454,1.362,0.59,0.972,0.458,0,0,0
927,1.368,0.654,0.878,0.604,0.501,0.975,1.49,1.244,0,0,0
928,1.368,0.297,0.356,0.378,0.243,0.611,0.853,0.81,0,0,0
929,1.368,0.512,0.678,0.659,0.921,0.505,0.779,0.923,0,0,0
930,1.368,0.842,1.417,1.123,1.036,1.068,1.744,1.654,0,0,0
931,1.368,0.656,0.881,-0.051,0.288,1.242,2.06,1.467,0,0,0
932,1.368,0.538,0.757,0.538,1.199,0.548,0.873,0.615,0,0,0
933,1.368,0.658,0.981,0.617,0.572,0.749,1.313,1.622,0,0,0
934,1.368,0.649,0.887,0.899,0.726,0.821,1.279,1.376,0,0,0
935,1.368,0.228,0.218,0.095,0.153,0.564,0.765,0.611,0,0,0
936,1.368,0.812,1.35,0.721,0.685,1.284,2.123,1.214,0,0,0
937,1.368,0.229,0.222,0.038,0.102,0.595,0.879,0.632,0,0,0
938,1.368,0.213,0.179,0.006,0.108,0.538,0.953,0.622,0,0,0
939,1.368,0.614,0.965,0.961,0.721,0.688,1.174,1.505,0,0,0
940,1.368,0.465,0.716,0.704,1.082,0.393,0.64,0.926,0,0,0
941,1.368,0.727,1.114,1.235,0.899,0.832,1.38,1.527,0,0,0
942,1.368,0.356,0.565,1.16,2.286,0.576,0.841,0.709,0,0,0
943,1.368,0.212,0.178,-0.047,0.675,0.242,0.25,0.177,4,5,0
944,1.368,0.571,0.884,0.786,1.642,0.559,0.838,0.662,0,0,0
945,1.368,0.559,0.743,0.342,1.191,0.521,0.85,0.362,0,0,0
946,1.368,1.038,1.719,1.004,1.178,1.094,1.865,1.198,0,0,0
947,1.368,1.115,1.811,1.111,1.252,1.178,1.971,1.187,0,0,0
948,1.368,0.504,0.693,0.562,0.967,0.474,0.679,0.744,0,0,0
949,1.368,0.657,0.885,0.735,0.53,0.997,1.637,1.328,0,0,0
950,1.368,0.53,0.701,0.557,0.498,0.748,1.175,1.261,0,0,0
951,1.368,0.469,0.8,0.626,1.737,0.489,0.645,0.625,0,0,0
952,1.368,0.67,1.158,1.068,1.373,0.67,1.158,1.068,1,6,948
953,1.368,0.446,0.651,0.493,1.217,0.422,0.693,0.463,0,0,0
954,1.368,0.499,0.823,0.307,1.496,0.516,0.742,0.257,0,0,0
955,1.368,0.835,1.484,1.353,0.927,0.633,1.002,1.909,1,2,949
956,1.368,0.581,0.773,1.143,1.036,0.579,0.789,0.69,0,0,0
957,1.368,0.274,0.385,0.839,2.177,0.406,0.507,0.739,0,0,0
958,1.368,0.212,0.178,-0.06,0.074,0.541,0.663,0.288,0,0,0
959,1.368,0.399,0.497,0.24,0.551,0.598,0.874,0.613,0,0,0
960,1.368,0.937,1.644,1.134,1.373,0.937,1.644,1.134,4,2,0
961,1.368,0.958,1.703,1.667,1.689,0.727,1.713,1.584,0,0,0
962,1.368,0.388,0.563,0.326,1.115,0.366,0.587,0.464,0,0,0
963,1.368,0.799,1.285,1.397,1.228,0.865,1.395,1.67,0,0,0
964,1.368,0.871,1.466,0.944,1.243,0.904,1.581,1.067,0,0,0
965,1.368,0.518,0.684,0.442,1.187,0.523,0.735,0.54,0,0,0
966,1.368,1.141,1.926,-0.057,0.219,1.235,2.058,1.773,0,0,0
967,1.368,0.637,1.049,0.808,1.255,0.672,1.143,0.892,0,0,0
968,1.368,0.74,1.161,1.045,1.367,0.74,1.161,1.045,4,0,0
969,1.368,0.543,0.712,-0.059,0.121,1.431,2.323,1.305,0,0,0
970,1.368,0.257,0.385,1.346,2.409,0.477,0.664,0.927,0,0,0
971,1.368,1.006,1.646,1.521,1.545,0.756,1.155,1.506,0,0,0
972,1.368,0.467,0.618,0.551,0.769,0.492,0.769,1.019,0,0,0
973,1.368,0.645,0.906,0.927,0.818,0.734,1.166,1.184,0,0,0
974,1.368,0.586,0.9,0.807,0.862,0.612,1.022,1.454,0,0,0
975,1.368,0.655,0.988,0.642,1.015,0.713,1.248,0.949,0,0,0
976,1.368,0.724,1.188,0.95,0.837,0.832,1.38,1.523,0,0,0
977,1.368,0.5,0.652,0.514,0.754,0.605,0.904,0.512,0,0,0
978,1.368,0.712,1.244,1.907,3.939,0.886,1.397,1.624,0,0,0
979,1.368,0.722,1.104,0.948,1.009,0.812,1.245,1.321,1,4,933
980,1.368,0.676,0.939,-0.051,0.305,1.178,1.93,1.628,0,0,0
981,1.368,0.925,1.488,0.021,4.981,0.212,0.177,-0.027,0,0,0
982,1.368,0.484,0.635,0.156,0.164,1.225,2.032,1.448,0,0,0
983,1.368,0.842,1.391,0.968,0.96,1.103,1.811,1.371,0,0,0
984,1.368,1.3,2.157,1.186,1.565,1.172,1.938,0.981,1,2,928
985,1.368,0.954,1.626,1.185,1.48,0.924,1.525,1.152,0,0,0
986,1.368,1.201,2.024,1.118,1.674,1.007,1.557,0.795,0,0,0
987,1.368,0.862,1.348,1.43,1.416,0.819,1.251,1.408,0,0,0
988,1.368,0.732,1.126,0.729,0.559,1.169,1.937,1.469,4,6,0
989,1.368,0.6,0.797,-0.06,0.132,1.436,2.327,1.413,0,0,0
990,1.368,0.745,1.176,0.993,1.188,0.774,1.296,1.189,1,3,925
991,1.368,1.158,1.888,1.346,1.278,1.185,1.973,1.438,0,0,0
992,1.368,0.219,0.198,-0.004,0.137,0.511,0.716,0.505,0,0,0
993,1.368,0.286,0.335,0.392,0.935,0.335,0.393,0.443,0,0,0
994,1.368,0.476,0.619,0.332,0.532,0.589,0.968,0.881,0,0,0
995,1.368,0.636,0.858,0.648,1.363,0.64,0.87,0.649,1,3,922
996,1.368,0.738,1.143,1.04,0.648,1.033,1.686,1.806,0,0,0
997,1.368,0.421,0.765,1.616,1.736,0.512,0.864,1.463,0,0,0
998,1.368,0.721,1.104,1.149,0.755,0.808,1.364,1.911,0,0,0
999,1.368,0.967,1.474,0.048,0.597,1.418,2.34,1.246,0,0,0
1000,1.368,0.732,1.247,1.23,1.443,0.883,1.495,1.148,0,0,0
1001,1.368,0.643,1.069,1.056,1.125,0.704,1.149,1.348,0,0,0
1002,1.368,0.399,0.506,0.774,1.368,0.399,0.506,0.774,0,0,0
1003,1.368,0.972,1.644,1.597,1.568,0.901,1.482,1.498,0,0,0
1004,1.368,0.383,0.47,0.382,1.09,0.377,0.462,0.482,0,0,0
1005,1.368,0.642,0.89,1.099,1.416,0.547,0.835,1.172,0,0,0
1006,1.368,0.97,1.519,0.985,0.926,1.274,2.098,1.427,0,0,0
1007,1.368,0.579,0.77,0.14,0.92,0.593,0.838,0.502,0,0,0
1008,1.368,0.635,0.904,0.574,1.119,0.69,1.085,0.711,0,0,0
1009,1.368,0.865,1.396,1.826,1.556,0.823,1.313,1.752,0,0,0
1010,1.368,0.517,0.878,0.379,1.456,0.536,0.845,0.358,0,0,0
1011,1.368,0.481,0.685,0.72,0.84,0.531,0.788,1.034,0,0,0
1012,1.368,0.799,1.259,-0.055,0.389,1.435,2.328,1.248,0,0,0
1013,1.368,0.243,0.239,0.099,0.619,0.305,0.344,0.304,0,0,0
1014,1.368,0.377,0.494,0.392,0.414,0.666,1.075,0.841,0,0,0
1015,1.368,0.937,1.489,0.933,0.936,1.239,2.048,1.314,0,0,0
1016,1.368,0.622,0.836,0.747,0.901,0.691,1.131,1,0,0,0
1017,1.368,0.493,0.643,0.255,1.06,0.486,0.648,0.416,0,0,0
1018,1.368,0.424,0.595,0.719,1.829,0.54,0.729,0.462,0,0,0
1019,1.368,0.685,1.048,0.732,1.248,0.752,1.246,0.821,0,0,0
1020,1.368,0.519,0.69,0.539,1.001,0.483,0.679,0.701,0,0,0
1021,1.368,0.686,1.086,1.503,1.212,0.698,1.169,1.699,4,5,0
1022,1.368,0.715,1.243,0.594,1.573,0.728,1.078,0.456,0,0,0
1023,1.368,0.657,1.128,0.857,1.64,0.622,0.939,0.754,4,5,0
1024,1.368,0.857,1.494,1.273,1.403,0.861,1.497,1.268,0,0,0
1025,1.368,0.718,1.084,0.748,0.534,1.146,1.915,1.497,0,0,0
1026,1.368,0.61,1.059,0.725,1.472,0.616,1.012,0.666,0,0,0
1027,1.368,0.571,0.903,0.531,1.363,0.56,0.898,0.539,1,4,894
1028,1.368,0.283,0.364,0.217,0.264,0.67,1.031,0.741,0,0,0
1029,1.368,0.507,0.668,0.645,0.896,0.537,0.794,0.605,0,0,0
1030,1.368,0.541,0.892,0.411,1.532,0.559,0.774,0.344,0,0,0
1031,1.368,0.725,1.045,-0.06,0.361,1.237,2.073,1.229,0,0,0
1032,1.368,0.607,0.829,0.561,0.915,0.66,1.086,0.797,0,0,0
1033,1.368,1.025,1.72,1.134,1.392,1.014,1.7,1.117,1,3,882
1034,1.368,0.57,0.757,0.576,0.897,0.632,0.966,0.772,0,0,0
1035,1.368,0.56,0.948,0.453,1.621,0.586,0.776,0.332,0,0,0
1036,1.368,0.246,0.31,0.891,2.32,0.522,0.728,0.136,0,0,0
1037,1.368,0.227,0.281,0.834,2.17,0.589,0.857,0.196,0,0,0
1038,1.368,0.411,0.514,0.778,3.4,0.326,0.493,0.501,0,0,0
1039,1.368,0.375,0.458,-0.057,0.029,1.435,2.334,1.246,0,0,0
1040,1.368,0.227,0.211,-0.057,0.21,0.462,0.702,0.599,0,0,0
1041,1.368,0.959,1.458,0.037,0.595,1.439,2.34,1.243,0,0,0
1042,1.368,0.77,1.245,0.864,1.364,0.775,1.27,0.876,1,3,875
1043,1.368,0.599,0.886,1.161,1.535,0.575,0.82,1.108,4,5,0
1044,1.368,0.515,0.682,1.186,2.465,0.778,1.404,0.656,0,0,0
1045,1.368,0.884,1.502,0.707,1.512,0.773,1.11,0.612,0,0,0
1046,1.368,0.609,0.872,0.684,0.8,0.647,1.056,1.085,0,0,0
1047,1.368,0.905,1.433,1.417,1.111,1.033,1.718,1.669,0,0,0
1048,1.368,1.189,1.925,1.737,1.526,1.071,1.774,1.707,0,0,0
1049,1.368,0.466,0.61,0.244,0.917,0.5,0.735,0.458,0,0,0
1050,1.368,0.983,1.721,1.515,2.397,1.038,1.763,0.815,0,0,0
1051,1.368,0.95,1.536,1.198,1.165,1.012,1.719,1.477,4,8,0
1052,1.368,0.27,0.295,0.584,3.076,0.503,0.572,-0.06,0,0,0
1053,1.368,0.699,1.127,0.913,1.421,0.692,1.104,0.889,4,5,0
1054,1.368,0.975,1.469,1.714,1.034,1.02,1.746,1.561,4,6,0
1055,1.368,0.764,1.207,0.849,0.78,0.958,1.675,1.485,0,0,0
1056,1.368,0.542,0.72,0.705,0.624,0.651,1.111,1.178,0,0,0
1057,1.368,0.774,1.235,1.168,1.259,0.827,1.361,1.233,0,0,0
1058,1.368,0.213,0.181,0.003,0.092,0.599,0.802,0.505,0,0,0
1059,1.368,0.789,1.271,0.014,0.768,1.141,1.801,0.632,0,0,0
1060,1.368,0.688,0.983,0.699,0.499,1.074,1.778,1.563,0,0,0
1061,1.368,0.715,1.071,0.731,0.678,1.038,1.711,1.234,0,0,0
1062,1.368,0.212,0.178,0.02,0.146,0.281,0.291,0.108,0,0,0
1063,1.368,0.505,0.696,0.689,0.844,0.502,0.866,0.903,0,0,0
1064,1.368,0.412,0.61,0.603,0.936,0.394,0.587,0.779,0,0,0
1065,1.368,0.429,0.576,0.538,1.208,0.435,0.635,0.559,1,3,860
1066,1.368,0.981,1.531,1.372,1.668,0.995,1.495,1.086,1,2,859
1067,1.368,0.503,0.918,1.522,2.412,0.821,1.21,0.97,0,0,0
1068,1.368,0.405,0.935,1.252,1.694,0.874,1.982,1.155,0,0,0
1069,1.368,0.447,0.607,0.58,1.047,0.438,0.557,0.655,0,0,0
1070,1.368,0.337,0.411,0.054,0.631,0.359,0.551,0.556,0,0,0
1071,1.368,1.165,1.887,1.618,1.435,1.129,1.842,1.588,0,0,0
1072,1.368,1.244,2.084,1.183,1.691,1.04,1.648,0.854,0,0,0
1073,1.368,1.15,1.922,1.155,1.272,1.286,2.153,1.247,0,0,0
1074,1.368,1.252,2.08,1.462,1.485,1.173,1.949,1.356,0,0,0
1075,1.368,0.327,0.382,0.214,0.327,0.59,0.962,0.682,0,0,0
1076,1.368,0.975,1.662,1.912,1.762,1.018,1.79,1.846,0,0,0
1077,1.368,0.481,0.713,0.561,0.809,0.555,0.805,0.865,4,5,0
1078,1.368,0.682,1.056,1.011,0.784,0.835,1.332,1.576,1,3,844
1079,1.368,1.089,1.625,0.185,5.362,0.212,0.177,-0.06,0,0,0
1080,1.368,0.798,1.312,1.503,1.122,0.961,1.574,1.756,0,0,0
1081,1.368,0.562,0.745,0.53,1.003,0.578,0.876,0.564,0,0,0
1082,1.368,0.834,1.267,0.778,1.206,0.914,1.517,0.899,0,0,0
1083,1.368,0.578,0.828,0.758,0.709,0.74,1.169,1.184,0,0,0
1084,1.368,0.641,0.958,1.017,1.362,0.642,0.972,1.038,1,3,839
1085,1.368,0.349,0.551,0.676,2.101,0.436,0.536,0.317,0,0,0
1086,1.368,1.103,1.789,1.096,1.264,1.149,1.92,1.195,0,0,0
1087,1.368,0.491,0.753,0.705,1.439,0.475,0.701,0.687,0,0,0
1088,1.368,1.042,1.642,0.841,1.289,1.101,1.796,0.929,0,0,0
1089,1.368,0.552,0.732,0.602,0.549,0.612,0.999,1.234,0,0,0
1090,1.368,0.852,1.42,1.238,1.381,0.852,1.42,1.238,0,0,0
1091,1.368,0.866,1.472,1.074,1.128,1.061,1.768,1.348,0,0,0
1092,1.368,0.441,0.563,0.421,0.706,0.523,0.787,0.659,0,0,0
1093,1.368,0.447,0.572,0.471,0.586,0.557,0.896,0.96,0,0,0
1094,1.368,0.417,0.644,0.487,1.357,0.418,0.648,0.494,1,4,829
1095,1.368,0.508,0.713,0.443,0.882,0.52,0.806,0.616,0,0,0
1096,1.368,0.864,1.423,1.035,1.205,0.947,1.58,1.205,0,0,0
1097,1.368,0.847,1.432,1.168,1.403,0.838,1.402,1.153,0,0,0
1098,1.368,1.116,1.904,1.535,2.012,0.977,1.628,1.403,0,0,0
1099,1.368,0.608,0.961,0.836,0.517,0.677,1.18,1.428,0,0,0
1100,1.368,0.541,0.727,0.267,1.041,0.525,0.746,0.499,0,0,0
1101,1.368,0.561,0.742,0.765,1.125,0.544,0.805,0.625,0,0,0
1102,1.368,0.868,1.379,1.45,1.293,0.916,1.494,1.582,0,0,0
1103,1.368,0.624,0.834,-0.058,0.268,1.28,2.15,1.378,0,0,0
1104,1.368,1.075,1.796,1.17,1.373,1.075,1.796,1.17,1,3,817
1105,1.368,1.092,1.717,1.038,1.375,1.092,1.717,1.038,4,1,0
1106,1.368,1.063,1.708,1.044,1.229,1.14,1.902,1.184,0,0,0
1107,1.368,1.004,1.706,1.062,1.375,1.004,1.706,1.062,1,3,818
1108,1.368,0.508,0.711,0.804,0.788,0.57,0.921,1.211,0,0,0
1109,1.368,0.303,0.543,1.01,2.25,0.544,0.969,0.364,0,0,0
1110,1.368,1.045,1.572,1.114,1.189,1.147,1.805,1.273,0,0,0
1111,1.368,0.49,0.637,1.15,1.361,0.489,0.636,1.125,0,0,0
1112,1.368,0.672,0.941,0.753,0.685,0.843,1.36,1.313,0,0,0
1113,1.368,0.44,0.561,0.253,0.598,0.572,0.876,0.663,0,0,0
1114,1.368,0.666,1.17,0.605,1.59,0.709,0.992,0.528,0,0,0
1115,1.368,1.197,1.982,1.161,1.376,1.197,1.982,1.161,1,3,812
1116,1.368,0.637,0.856,0.667,0.757,0.738,1.252,1.085,0,0,0
1117,1.368,0.969,1.548,1.162,1.236,0.965,1.633,1.336,0,0,0
1118,1.368,0.797,1.331,1.034,0.679,0.618,1.257,1.685,1,1,814
1119,1.368,0.213,0.179,-0.061,0.073,0.774,1.042,0.421,0,0,0
1120,1.368,0.423,0.542,0.312,0.459,0.655,1.048,0.852,0,0,0
1121,1.368,1.204,1.994,1.186,1.353,1.212,2.01,1.208,0,0,0
1122,1.368,0.416,0.524,0.308,0.52,0.571,0.869,0.844,0,0,0
1123,1.368,0.663,0.908,0.703,0.511,1.006,1.706,1.479,0,0,0
1124,1.368,0.212,0.178,-0.019,0.133,0.459,0.74,0.446,0,0,0
1125,1.368,0.216,0.187,0.147,0.179,0.563,0.845,0.574,0,0,0
1126,1.368,0.394,0.604,0.637,2.511,0.417,0.515,-0.006,0,0,0
1127,1.368,0.963,1.627,1.315,1.362,0.964,1.63,1.332,0,0,0
1128,1.368,0.48,0.628,0.334,0.482,0.601,0.992,0.994,0,0,0
1129,1.368,1.169,2.036,1.247,1.7,1.307,1.992,1.006,0,0,0
1130,1.368,0.843,1.452,1.071,1.255,0.756,1.289,1.12,0,0,0
1131,1.368,0.546,0.76,0.434,0.959,0.568,0.946,0.711,0,0,0
1132,1.368,0.369,0.449,0.23,0.704,0.462,0.638,0.542,0,0,0
1133,1.368,0.778,1.24,1.097,1.282,0.826,1.357,1.139,0,0,0
1134,1.368,0.707,1.036,-0.003,0.367,1.005,1.789,1.323,0,0,0
1135,1.368,1.068,1.781,0.993,1.277,1.101,1.852,1.081,0,0,0
1136,1.368,0.651,0.873,-0.06,0.286,1.322,2.236,1.404,0,0,0
1137,1.368,0.363,0.443,0.058,0.262,0.554,0.923,0.876,0,0,0
1138,1.368,0.364,0.446,0.216,0.685,0.43,0.627,0.477,0,0,0
1139,1.368,0.794,1.418,0.986,1.396,0.801,1.429,0.97,0,0,0
1140,1.368,0.855,1.331,1.815,1.549,0.855,1.53,1.592,0,0,0
1141,1.368,0.753,1.185,0.929,0.625,1.139,1.867,1.658,0,0,0
1142,1.368,0.579,1.01,0.806,0.404,0.503,0.907,1.485,1,4,783
1143,1.368,0.457,0.653,0.542,0.764,0.528,0.762,0.873,0,0,0
1144,1.368,0.306,0.346,0.399,0.353,0.632,0.96,0.674,0,0,0
1145,1.368,1.028,1.661,0.938,1.373,1.028,1.661,0.938,4,3,0
1146,1.368,0.808,1.322,0.853,0.68,1.317,2.154,1.483,0,0,0
1147,1.368,0.428,0.552,0.552,0.994,0.4,0.566,0.662,0,0,0
1148,1.368,0.589,0.897,0.784,0.431,0.753,1.313,1.576,0,0,0
1149,1.368,1.03,1.631,0.91,1.376,1.03,1.631,0.91,4,0,0
1150,1.368,0.77,1.374,1.041,1.587,0.728,1.238,0.889,0,0,0
1151,1.368,0.756,1.195,0.784,0.659,1.137,1.893,1.364,0,0,0
1152,1.368,0.941,1.536,1.406,1.358,0.942,1.547,1.428,1,4,776
1153,1.368,0.788,1.254,0.971,1.301,0.833,1.355,1.024,0,0,0
1154,1.368,0.712,1.085,1.377,1.33,0.712,1.104,1.383,0,0,0
1155,1.368,0.213,0.189,0.438,2.255,0.468,0.584,0.078,0,0,0
1156,1.368,0.947,1.461,0.08,0.594,1.432,2.34,1.243,0,0,0
1157,1.368,0.774,1.206,0.535,2.464,0.655,0.876,-0.015,0,0,0
1158,1.368,0.407,0.505,-0.028,0.671,0.448,0.696,0.342,0,0,0
1159,1.368,0.748,1.162,0.786,0.713,1.116,1.73,1.195,0,0,0
1160,1.368,0.743,1.209,1.326,1.414,0.769,1.261,1.324,0,0,0
1161,1.368,0.474,0.8,1.133,2.334,0.67,1.001,0.479,0,0,0
1162,1.368,1.197,1.719,0.149,5.797,0.212,0.177,-0.06,0,0,0
1163,1.368,0.635,0.868,0.785,0.818,0.76,1.16,1.168,0,0,0
1164,1.368,0.212,0.178,-0.06,0.064,0.658,0.914,0.393,0,0,0
1165,1.368,1.207,2.061,1.854,1.527,1.154,1.907,1.783,0,0,0
1166,1.368,1.08,1.715,1.024,0.283,0.839,1.428,1.709,1,1,758
1167,1.368,0.734,1.131,0.7,0.655,1.107,1.82,1.278,0,0,0
1168,1.368,0.546,0.723,0.28,0.995,0.567,0.811,0.385,0,0,0
1169,1.368,0.399,0.596,0.507,0.771,0.456,0.677,0.799,0,0,0
1170,1.368,0.619,0.872,0.625,1.189,0.656,1.042,0.744,0,0,0
1171,1.368,0.259,0.323,0.354,1.62,0.288,0.35,0.331,0,0,0
1172,1.368,0.554,0.908,0.887,1.315,0.554,0.904,0.912,0,0,0
1173,1.368,0.502,0.879,0.592,1.655,0.542,0.807,0.401,0,0,0
1174,1.368,0.755,1.357,1.304,1.287,0.69,1.235,1.508,0,0,0
1175,1.368,0.488,0.772,0.344,1.518,0.484,0.668,0.241,0,0,0
1176,1.368,0.895,1.523,1.142,1.259,0.872,1.489,1.241,0,0,0
1177,1.368,0.699,1.02,0.767,0.721,0.977,1.54,1.265,1,3,746
1178,1.368,0.832,1.395,1.676,1.222,0.87,1.475,1.904,0,0,0
1179,1.368,0.777,1.253,1.312,1.001,0.956,1.477,1.603,0,0,0
1180,1.368,0.511,0.682,0.843,1.423,0.506,0.687,0.824,4,6,0
1181,1.368,0.388,0.583,0.493,0.126,0.389,0.636,1.085,0,0,0
1182,1.368,0.49,0.647,0.533,0.882,0.534,0.802,0.744,0,0,0
1183,1.368,0.831,1.345,0.819,0.667,1.375,2.239,1.464,0,0,0
1184,1.368,0.728,1.106,0.577,0.622,1.089,1.746,1.205,0,0,0
1185,1.368,0.333,0.541,0.893,1.751,0.418,0.632,0.75,0,0,0
1186,1.368,0.29,0.344,0.239,0.555,0.348,0.447,0.619,0,0,0
1187,1.368,0.213,0.179,0.128,0.202,0.501,0.758,0.499,0,0,0
1188,1.368,0.622,1.057,0.759,1.367,0.622,1.057,0.759,4,0,0
1189,1.368,0.69,1.313,1.041,1.281,0.73,1.308,1.123,0,0,0
1190,1.368,0.552,0.731,0.465,0.889,0.611,0.888,0.728,0,0,0
1191,1.368,0.223,0.203,0.653,0.41,0.584,0.805,0.565,0,0,0
1192,1.368,1.254,2.04,1.518,1.574,1.073,1.787,1.437,0,0,0
1193,1.368,0.571,0.76,0.353,0.347,1.136,1.816,1.27,0,0,0
1194,1.368,0.452,0.786,0.894,1.972,0.524,0.746,0.429,0,0,0
1195,1.368,1.188,1.756,0.764,1.094,0.91,1.606,1.113,0,0,0
1196,1.368,0.468,0.612,0.387,1.027,0.424,0.616,0.625,0,0,0
1197,1.368,0.467,0.607,0.422,0.484,0.543,0.922,1.048,0,0,0
1198,1.368,0.716,1.076,0.862,0.758,0.953,1.535,1.326,0,0,0
1199,1.368,0.629,0.842,-0.059,0.163,1.351,2.158,1.573,0,0,0
1200,1.368,0.705,1.041,0.69,0.555,1.195,1.969,1.332,0,0,0
1201,1.368,0.538,0.789,0.746,1.076,0.542,0.932,0.861,0,0,0
1202,1.368,0.678,1.173,1.858,1.479,0.789,1.367,1.821,0,0,0
1203,1.368,0.724,1.112,1.009,0.767,0.925,1.497,1.643,1,3,727
1204,1.368,0.634,1.13,-0.018,0.021,1.436,2.336,1.465,0,0,0
1205,1.368,0.542,0.775,0.354,0.31,1.188,1.948,1.249,0,0,0
1206,1.368,0.622,0.836,0.8,0.282,0.99,1.587,1.627,0,0,0
1207,1.368,0.892,1.37,1.174,1.553,0.877,1.354,1.095,0,0,0
1208,1.368,0.499,0.773,0.84,1.539,0.512,0.699,0.799,0,0,0
1209,1.368,0.527,0.695,0.347,0.942,0.537,0.833,0.55,4,5,0
1210,1.368,0.678,0.94,0.58,0.732,0.895,1.459,0.959,1,3,716
1211,1.368,0.228,0.28,0.718,2.336,0.495,0.632,0.006,0,0,0
1212,1.368,0.733,1.312,1.455,2.071,0.686,1.02,1.067,0,0,0
1213,1.368,0.629,0.843,0.442,0.369,1.212,1.995,1.328,0,0,0
1214,1.368,0.779,1.259,0.934,1.028,0.926,1.458,1.277,4,6,0
1215,1.368,0.431,0.58,0.533,0.941,0.445,0.651,0.636,0,0,0
1216,1.368,0.676,1.118,0.808,0.685,0.869,1.393,1.453,0,0,0
1217,1.368,0.927,1.603,-0.06,0.01,1.439,2.338,1.082,0,0,0
1218,1.368,0.599,0.8,0.456,0.359,1.156,1.895,1.286,0,0,0
1219,1.368,0.531,0.707,0.482,0.944,0.532,0.765,0.659,0,0,0
1220,1.368,0.224,0.211,0.199,0.205,0.617,0.855,0.615,4,5,0
1221,1.368,0.93,1.401,0.812,0.824,1.195,1.989,1.423,0,0,0
1222,1.368,0.213,0.179,0.799,2.272,0.247,0.269,0.638,0,0,0
1223,1.368,0.654,0.999,0.849,1.234,0.671,1.071,0.929,1,3,699
1224,1.368,0.676,1.055,0.936,1.256,0.689,1.113,1.021,4,5,0
1225,1.368,0.214,0.182,0.826,2.358,0.55,0.986,0.254,0,0,0
1226,1.368,0.213,0.18,0.014,0.12,0.518,0.696,0.554,0,0,0
1227,1.368,0.633,0.949,0.674,0.979,0.634,1.118,0.879,0,0,0
1228,1.368,1.059,1.798,1.551,1.672,1.008,1.702,1.281,0,0,0
1229,1.368,0.213,0.179,-0.06,0.073,0.744,1.055,0.517,0,0,0
1230,1.368,0.612,0.818,0.698,1.314,0.628,0.84,0.723,1,2,695
1231,1.368,0.568,0.788,0.658,1.404,0.558,0.778,0.641,1,3,694
1232,1.368,0.534,0.701,0.41,0.891,0.573,0.858,0.354,0,0,0
1233,1.368,0.454,0.581,0.143,0.641,0.518,0.845,0.541,0,0,0
1234,1.368,0.37,0.455,0.485,0.198,0.439,0.727,1.139,0,0,0
1235,1.368,0.551,0.767,0.654,0.902,0.579,1.003,0.819,0,0,0
1236,1.368,0.661,0.974,0.685,1.266,0.694,1.061,0.711,0,0,0
1237,1.368,1.232,2.019,1.163,1.375,1.232,2.019,1.163,4,3,0
1238,1.368,0.534,0.722,0.711,1.159,0.527,0.725,0.591,0,0,0
1239,1.368,0.685,0.951,0.406,0.858,0.834,1.289,0.701,0,0,0
1240,1.368,0.35,0.419,0.388,0.622,0.466,0.618,0.818,0,0,0
1241,1.368,0.504,0.733,0.81,0.693,0.58,0.872,1.211,0,0,0
1242,1.368,0.785,1.273,0.832,1.538,0.845,1.255,0.669,1,3,721
1243,1.368,1.159,1.803,1.249,1.262,1.165,1.876,1.34,0,0,0
1244,1.368,0.237,0.263,0.75,0.802,0.255,0.298,1.006,0,0,0
1245,1.368,0.721,1.193,1.134,0.868,0.834,1.343,1.838,0,0,0
1246,1.368,0.243,0.254,0.176,0.281,0.501,0.738,0.68,0,0,0
1247,1.368,0.69,0.986,0.818,0.845,0.803,1.416,1.189,0,0,0
1248,1.368,0.457,0.586,0.364,0.522,0.657,1.03,0.894,0,0,0
1249,1.368,0.585,0.878,0.352,1.013,0.497,0.826,0.451,0,0,0
1250,1.368,0.619,1.137,0.986,1.34,0.598,1.093,1.012,0,0,0
1251,1.368,0.275,0.317,0.363,0.284,0.607,0.918,0.609,0,0,0
1252,1.368,0.396,0.641,0.149,0.082,0.773,1.216,1.169,4,5,0
1253,1.368,0.212,0.178,-0.06,0.16,0.494,0.609,-0.056,0,0,0
1254,1.368,0.444,0.614,0.501,1.19,0.439,0.678,0.556,0,0,0
1255,1.368,1.063,1.76,1.294,1.649,0.817,1.381,1.078,0,0,0
1256,1.368,1.122,1.879,1.22,1.517,1.062,1.74,1.104,0,0,0
1257,1.368,0.564,0.776,0.742,1.029,0.571,0.874,0.885,0,0,0
1258,1.368,0.25,0.284,0.038,0.183,0.64,0.929,0.641,0,0,0
1259,1.368,0.268,0.318,0.276,0.374,0.587,0.881,0.65,0,0,0
1260,1.368,0.224,0.211,0.232,0.383,0.514,0.735,0.601,0,0,0
1261,1.368,0.404,0.509,0.327,0.034,0.537,0.914,1.427,0,0,0
1262,1.368,0.346,0.447,0.298,0.17,0.569,0.919,0.909,0,0,0
1263,1.368,0.48,0.62,0.234,0.595,0.606,0.789,0.548,0,0,0
1264,1.368,0.818,1.349,-0.056,0.759,1.177,1.93,0.655,0,0,0
1265,1.368,1.036,1.57,0.019,5.255,0.212,0.177,-0.058,0,0,0
1266,1.368,0.212,0.177,-0.061,0.01,0.316,0.179,-0.06,0,0,0
1267,1.368,0.579,1.052,1.2,1.771,0.787,1.41,0.892,0,0,0
1268,1.368,0.212,0.178,-0.019,0.361,0.477,0.634,0.562,0,0,0
1269,1.368,1.183,1.881,1.014,1.125,1.29,2.137,1.278,0,0,0
1270,1.368,0.547,0.774,0.615,0.81,0.6,1.021,0.998,0,0,0
1271,1.368,0.652,0.931,0.922,0.779,0.756,1.328,1.438,0,0,0
1272,1.368,0.455,0.787,1.061,2.285,0.596,0.943,0.522,0,0,0
1273,1.368,0.29,0.366,0.203,0.203,0.662,1.027,0.803,0,0,0
1274,1.368,0.777,1.256,1.028,0.87,0.988,1.641,1.561,0,0,0
1275,1.368,0.56,0.867,0.839,1.483,0.566,0.846,0.808,1,4,648
1276,1.368,0.635,0.941,1.065,1.26,0.676,1.046,1.114,0,0,0
1277,1.368,0.246,0.272,0.047,0.154,0.65,1.005,0.694,4,5,0
1278,1.368,0.578,0.771,0.637,0.541,0.733,1.241,1.293,0,0,0
1279,1.368,1.045,1.745,1.157,1.249,1.112,1.873,1.375,0,0,0
1280,1.368,0.572,0.796,0.452,1.102,0.587,0.932,0.544,0,0,0
1281,1.368,0.589,0.785,0.618,0.544,0.858,1.37,1.186,0,0,0
1282,1.368,0.626,0.848,0.615,0.482,0.971,1.632,1.243,0,0,0
1283,1.368,0.92,1.486,0.663,1.069,1.08,1.775,0.872,0,0,0
1284,1.368,0.948,1.5,0.915,1.169,1.053,1.678,1.097,4,5,0
1285,1.368,0.512,0.692,0.572,0.811,0.58,0.832,0.764,0,0,0
1286,1.368,0.864,1.543,1.813,2.273,0.916,1.453,1.533,0,0,0
1287,1.368,0.489,0.634,0.472,1.009,0.489,0.657,0.337,0,0,0
1288,1.368,0.449,0.601,1.208,2.716,0.653,0.875,0.428,0,0,0
1289,1.368,0.957,1.451,0.767,0.872,1.156,1.916,1.181,0,0,0
1290,1.368,0.501,0.678,0.521,0.878,0.516,0.828,0.724,0,0,0
1291,1.368,0.213,0.179,-0.01,0.233,0.532,0.731,0.436,0,0,0
1292,1.368,0.396,0.548,0.568,0.264,0.404,0.691,1.254,0,0,0
1293,1.368,0.844,1.377,1.228,1.002,1.04,1.772,1.459,0,0,0
1294,1.368,0.699,1.027,1.023,0.748,0.898,1.419,1.557,0,0,0
1295,1.368,0.71,1.026,0.792,1.484,0.68,0.945,0.826,0,0,0
1296,1.368,0.213,0.444,1.013,1.879,0.648,1.203,0.553,0,0,0
1297,1.368,0.562,0.802,0.573,1.1,0.571,0.935,0.816,0,0,0
1298,1.368,0.785,1.275,1.345,1.16,0.886,1.42,1.564,1,3,620
1299,1.368,1.017,1.534,0.852,1.069,1.026,1.743,1.239,0,0,0
1300,1.368,0.724,1.255,0.877,1.613,0.682,1.043,0.766,4,6,0
1301,1.368,0.459,0.616,0.503,0.963,0.445,0.704,0.687,0,0,0
1302,1.368,0.531,0.823,0.696,0.432,0.497,0.976,1.375,0,0,0
1303,1.368,0.489,0.66,0.673,1.028,0.469,0.679,0.923,0,0,0
1304,1.368,0.501,0.654,0.265,0.649,0.637,1.006,0.699,0,0,0
1305,1.368,0.273,0.3,-0.06,0.01,1.439,2.34,1.139,0,0,0
1306,1.368,0.667,0.935,1.62,1.26,0.694,0.964,1.703,0,0,0
1307,1.368,0.565,0.982,0.554,1.467,0.527,0.899,0.493,0,0,0
1308,1.368,0.297,0.401,0.052,0.109,0.72,1.166,0.87,0,0,0
1309,1.368,1.348,2.223,1.254,1.548,1.333,2.203,1.228,0,0,0
1310,1.368,0.799,1.169,0.739,1.095,0.829,1.383,0.953,0,0,0
1311,1.368,0.702,0.982,0.71,1.152,0.696,1.087,0.849,1,4,600
1312,1.368,0.695,0.984,1.206,0.893,0.813,1.291,1.307,0,0,0
1313,1.368,0.883,1.503,1.596,1.457,0.908,1.512,1.5,0,0,0
1314,1.368,0.477,0.619,0.431,0.776,0.509,0.738,0.83,0,0,0
1315,1.368,0.615,0.918,0.58,1.259,0.595,1.021,0.614,0,0,0
1316,1.368,0.317,0.461,0.582,0.146,0.663,0.922,0.883,0,0,0
1317,1.368,0.218,0.321,0.618,1.945,0.544,0.702,0.24,0,0,0
1318,1.368,0.867,1.438,0.913,0.896,1.194,1.948,1.321,0,0,0
1319,1.368,0.213,0.179,-0.002,0.098,0.613,0.865,0.518,0,0,0
1320,1.368,0.439,0.557,0.185,0.694,0.539,0.78,0.476,0,0,0
1321,1.368,0.802,1.344,1.469,0.923,0.877,1.427,1.912,0,0,0
1322,1.368,0.632,0.846,0.803,1.183,0.648,0.882,0.688,0,0,0
1323,1.368,0.213,0.18,0.958,2.122,0.543,0.873,0.325,0,0,0
1324,1.368,0.668,1.047,0.964,1.006,0.728,1.276,1.349,0,0,0
1325,1.368,0.875,1.478,0.971,1.149,0.74,1.288,1.183,0,0,0
1326,1.368,0.294,0.354,0.304,0.445,0.546,0.84,0.706,0,0,0
1327,1.368,0.593,0.808,0.982,1.37,0.593,0.808,0.982,1,4,585
1328,1.368,0.402,0.501,0.028,1.086,0.371,0.478,0.236,0,0,0
1329,1.368,1.168,1.908,1.176,1.355,1.175,1.921,1.202,0,0,0
1330,1.368,0.415,0.617,0.583,0.894,0.399,0.66,0.939,0,0,0
1331,1.368,0.554,0.733,0.345,0.864,0.544,0.801,0.685,0,0,0
1332,1.368,0.622,0.91,1.013,0.794,0.709,1.167,1.324,0,0,0
1333,1.368,0.242,0.243,0.201,0.38,0.405,0.619,0.573,0,0,0
1334,1.368,0.666,0.908,-0.059,0.282,1.408,2.331,1.528,0,0,0
1335,1.368,0.546,0.727,0.512,0.797,0.614,0.943,0.83,0,0,0
1336,1.368,1.356,2.227,1.148,1.274,1.351,2.225,1.248,0,0,0
1337,1.368,0.969,1.526,1.024,0.988,1.281,2.091,1.322,0,0,0
1338,1.368,0.8,1.309,1.025,1.145,0.934,1.54,1.314,1,3,573
1339,1.368,0.832,1.361,1.482,1.142,0.75,1.292,1.566,0,0,0
1340,1.368,0.212,0.179,0.166,0.149,0.445,0.564,0.386,0,0,0
1341,1.368,0.589,0.834,0.697,1.083,0.6,0.85,0.864,0,0,0
1342,1.368,0.697,1.061,0.867,1.169,0.753,1.166,1.036,4,5,0
1343,1.368,0.212,0.178,0.048,0.429,0.458,0.578,0.329,0,0,0
1344,1.368,0.514,0.673,0.706,1.099,0.512,0.715,0.813,1,4,570
1345,1.368,0.642,0.862,0.667,0.966,0.697,1.07,0.798,0,0,0
1346,1.368,1.21,1.946,1.144,1.231,1.255,2.049,1.308,0,0,0
1347,1.368,0.746,1.131,0.884,0.826,0.921,1.572,1.36,0,0,0
1348,1.368,0.902,1.356,1.064,1.082,1.017,1.637,1.24,0,0,0
1349,1.368,1.202,1.956,1.136,1.388,1.202,1.956,1.136,0,0,0
1350,1.368,0.367,0.593,0.593,1.683,0.394,0.564,0.387,0,0,0
1351,1.368,0.451,0.687,0.448,1.526,0.424,0.565,0.426,0,0,0
1352,1.368,0.586,0.777,0.448,1.146,0.579,0.964,0.503,0,0,0
1353,1.368,0.788,1.274,0.693,1.365,0.788,1.274,0.693,1,3,564
1354,1.368,0.323,0.375,0.519,1.174,0.316,0.417,0.517,0,0,0
1355,1.368,1.093,1.831,1.05,1.211,1.096,1.866,1.248,0,0,0
1356,1.368,0.802,1.301,0.828,0.55,0.512,0.942,1.742,0,0,0
1357,1.368,0.812,1.345,0.96,1.386,0.812,1.345,0.96,1,3,560
1358,1.368,0.753,1.164,1.271,1.168,0.787,1.243,1.707,0,0,0
1359,1.368,0.482,0.848,0.998,0.814,0.28,0.463,1.34,4,6,0
1360,1.368,0.658,0.965,0.784,1.116,0.692,1.115,0.994,0,0,0
1361,1.368,1.156,1.865,0.879,1.189,1.185,1.982,1.086,0,0,0
1362,1.368,0.38,0.466,-0.037,0.742,0.477,0.621,0.391,0,0,0
1363,1.368,0.881,1.449,0.898,1.466,0.755,1.251,0.83,0,0,0
1364,1.368,0.532,0.713,0.13,1.508,0.525,0.63,0.078,0,0,0
1365,1.368,0.349,0.555,1.454,1.353,0.344,0.542,1.481,4,1,0
1366,1.368,0.911,1.533,1.459,1.367,0.911,1.533,1.459,0,0,0
1367,1.368,0.98,1.561,1.357,1.243,1.03,1.698,1.364,0,0,0
1368,1.368,1.061,1.622,1.093,1.157,1.197,1.965,1.373,0,0,0
1369,1.368,0.68,0.991,0.828,0.966,0.729,1.192,1.062,0,0,0
1370,1.368,0.395,0.495,0.391,1.093,0.389,0.508,0.44,0,0,0
1371,1.368,0.418,0.548,0.446,0.745,0.553,0.765,0.604,0,0,0
1372,1.368,0.698,0.981,0.541,1.379,0.698,0.981,0.541,0,0,0
1373,1.368,0.544,0.769,0.517,1.23,0.552,0.862,0.566,0,0,0
1374,1.368,0.914,1.57,1.544,1.517,0.816,1.386,1.409,0,0,0
1375,1.368,0.367,0.48,0.593,1.287,0.382,0.576,0.62,0,0,0
1376,1.368,0.756,1.313,1.013,1.546,0.851,1.337,0.921,1,2,546
1377,1.368,0.565,0.77,0.609,1.167,0.556,0.888,0.643,0,0,0
1378,1.368,0.814,1.22,0,0.769,1.206,1.888,0.583,0,0,0
1379,1.368,0.754,1.326,1.621,1.859,1.056,1.715,1.305,0,0,0
1380,1.368,0.95,1.638,1.626,1.642,0.951,1.592,1.449,0,0,0
1381,1.368,0.367,0.444,0.489,0.654,0.507,0.69,0.793,0,0,0
1382,1.368,0.973,1.477,1.114,1.19,1.019,1.724,1.304,0,0,0
1383,1.368,0.606,0.829,0.602,0.899,0.663,1.034,0.853,0,0,0
1384,1.368,1.004,1.711,1.162,1.434,1.023,1.622,1.14,0,0,0
1385,1.368,0.732,1.223,1.664,2.12,0.772,1.29,1.223,0,0,0
1386,1.368,0.504,0.735,0.777,0.945,0.515,0.818,0.824,0,0,0
1387,1.368,0.502,0.691,0.648,1.295,0.507,0.731,0.637,1,3,540
1388,1.368,0.553,1.029,1.283,1.778,0.596,1.091,1.022,0,0,0
1389,1.368,0.578,0.844,0.606,1.238,0.599,0.925,0.627,0,0,0
1390,1.368,0.675,0.999,1.66,1.424,0.664,0.986,1.657,4,6,0
1391,1.368,1.104,1.937,1.586,1.55,0.836,1.459,1.694,0,0,0
1392,1.368,0.217,0.19,0.059,0.105,0.547,0.744,0.541,0,0,0
1393,1.368,0.33,0.406,0.326,0.665,0.503,0.706,0.575,0,0,0
1394,1.368,0.665,1.193,0.688,1.717,0.68,0.984,0.416,0,0,0
1395,1.368,1.292,2.142,1.141,1.37,1.292,2.142,1.141,0,0,0
1396,1.368,0.738,1.264,1.502,1.714,1.021,1.897,1.176,0,0,0
1397,1.368,1.244,2.085,1.511,1.659,1.018,1.835,1.398,0,0,0
1398,1.368,0.456,0.595,1.651,3.322,0.76,1.133,1.45,0,0,0
1399,1.368,0.994,1.706,1.344,1.673,1.022,1.654,1.056,0,0,0
1400,1.368,0.721,1.2,1.062,1.368,0.721,1.2,1.062,1,3,524
1401,1.368,1.371,1.658,0.45,0.863,1.438,2.338,1.135,0,0,0
1402,1.368,0.673,0.984,0.853,0.958,0.741,1.276,1.144,0,0,0
1403,1.368,0.709,1.036,-0.056,0.292,1.155,1.812,1.661,0,0,0
1404,1.368,0.434,0.641,0.498,0.352,0.614,1.073,1.126,0,0,0
1405,1.368,0.615,1.1,0.641,1.771,0.6,0.792,0.301,0,0,0
1406,1.368,0.737,1.268,0.737,1.618,0.692,1.016,0.672,0,0,0
1407,1.368,0.259,0.307,0.197,0.27,0.542,0.852,0.707,0,0,0
1408,1.368,1.04,1.656,0.993,1.123,1.157,1.909,1.277,0,0,0
1409,1.368,0.932,1.593,1.223,1.609,1.03,1.721,1.02,0,0,0
1410,1.368,1.216,1.998,1.23,1.35,1.221,2.006,1.251,0,0,0
1411,1.368,0.464,0.601,0.336,0.609,0.651,0.983,0.681,0,0,0
1412,1.368,0.668,0.965,0.925,0.811,0.796,1.337,1.397,0,0,0
1413,1.368,0.952,1.511,0.988,1.007,1.137,1.893,1.443,0,0,0
1414,1.368,0.707,1.046,0.972,0.624,0.913,1.52,1.765,0,0,0
1415,1.368,0.675,0.992,0.924,1.025,0.765,1.288,1.129,0,0,0
1416,1.368,1.058,1.816,1.523,1.691,0.978,1.744,1.52,0,0,0
1417,1.368,0.467,0.605,0.372,0.712,0.495,0.803,0.672,0,0,0
1418,1.368,0.744,1.172,1.389,0.956,0.864,1.452,1.685,0,0,0
1419,1.368,0.443,0.565,0.284,1.101,0.384,0.584,0.421,0,0,0
1420,1.368,0.761,1.206,0.741,0.6,1.3,2.12,1.413,0,0,0
1421,1.368,0.81,1.345,0.917,1.078,0.852,1.551,1.164,0,0,0
1422,1.368,0.492,0.645,0.844,0.626,0.561,0.854,1.105,0,0,0
1423,1.368,0.558,0.944,0.74,0.855,0.595,0.935,1.156,0,0,0
1424,1.368,0.954,1.527,1.04,0.969,1.215,1.975,1.505,0,0,0
1425,1.368,0.217,0.189,0.312,0.604,0.235,0.241,0.537,0,0,0
1426,1.368,1.004,1.543,1.035,1.11,1.161,1.919,1.266,1,4,513
1427,1.368,0.538,0.787,0.632,1.42,0.53,0.774,0.625,0,0,0
1428,1.368,0.27,0.28,-0.059,0.762,0.38,0.444,0.058,0,0,0
1429,1.368,0.682,0.953,-0.013,0.306,1.215,1.914,1.613,0,0,0
1430,1.368,0.482,0.629,0.427,0.56,0.549,0.843,1.003,0,0,0
1431,1.368,0.657,0.947,0.477,0.883,0.699,1.258,0.974,0,0,0
1432,1.368,1.36,2.237,1.174,1.466,1.355,2.207,1.082,0,0,0
1433,1.368,0.688,1.015,1.042,1.141,0.755,1.201,1.354,0,0,0
1434,1.368,0.564,1.012,1.002,2.01,0.565,0.797,0.583,0,0,0
1435,1.368,0.213,0.179,0.53,1.832,0.284,0.507,0.148,0,0,0
1436,1.368,0.317,0.362,0.236,0.667,0.494,0.672,0.419,0,0,0
1437,1.368,0.213,0.179,0.403,2.199,0.335,0.304,0.022,0,0,0
1438,1.368,0.485,0.659,0.538,0.67,0.646,0.967,0.871,0,0,0
1439,1.368,0.759,1.241,1.237,0.919,0.885,1.484,1.735,0,0,0
1440,1.368,0.725,1.15,0.93,1.443,0.702,1.076,0.927,0,0,0
1441,1.368,0.772,1.141,0.72,1.354,0.761,1.178,0.733,0,0,0
1442,1.368,0.691,1.264,0.963,0.968,0.724,1.28,1.461,0,0,0
1443,1.368,0.933,1.498,0.094,0.802,1.272,2.096,0.779,0,0,0
1444,1.368,0.387,0.487,0.394,0.928,0.374,0.509,0.519,0,0,0
1445,1.368,0.835,1.408,1.122,0.917,1.134,1.887,1.709,0,0,0
1446,1.368,0.465,0.661,0.611,1.032,0.434,0.627,0.85,1,4,482
1447,1.368,0.587,0.867,0.811,0.728,0.748,1.146,1.238,0,0,0
1448,1.368,0.778,1.223,0.778,0.818,0.961,1.665,1.264,0,0,0
1449,1.368,0.76,1.207,0.804,1.496,0.695,1.041,0.825,0,0,0
1450,1.368,1.074,1.663,1.063,1.236,1.159,1.872,1.141,0,0,0
1451,1.368,0.563,0.774,0.622,0.729,0.718,1.129,0.967,0,0,0
1452,1.368,0.679,1.152,1.17,0.925,0.703,1.222,1.564,0,0,0
1453,1.368,0.658,0.89,0.661,1.718,0.633,0.848,0.344,1,3,476
1454,1.368,0.212,0.178,0.569,3.16,0.353,0.421,0.029,0,0,0
1455,1.368,0.455,0.582,-0.052,1.11,0.398,0.627,0.252,0,0,0
1456,1.368,0.215,0.185,0.353,0.353,0.511,0.705,0.561,0,0,0
1457,1.368,0.54,0.871,0.869,0.761,0.554,0.956,1.254,0,0,0
1458,1.368,0.556,0.829,0.956,1.263,0.559,0.876,0.934,0,0,0
1459,1.368,0.482,0.842,0.545,1.754,0.491,0.65,0.261,0,0,0
1460,1.368,0.745,1.326,1.914,2.97,0.847,1.297,1.914,0,0,0
1461,1.368,0.992,1.489,0.79,1.225,0.962,1.656,0.937,0,0,0
1462,1.368,0.863,1.418,0.862,1.247,0.955,1.538,0.97,0,0,0
1463,1.368,0.473,0.614,0.358,0.965,0.465,0.622,0.277,0,0,0
1464,1.368,0.537,0.727,0.619,0.852,0.599,0.948,0.843,0,0,0
1465,1.368,0.671,0.936,0.92,1.101,0.721,1.115,1.226,0,0,0
1466,1.368,0.699,0.939,0.432,1.263,0.696,1.066,0.496,0,0,0
1467,1.368,0.435,0.693,0.811,0.823,0.453,0.774,1.221,0,0,0
1468,1.368,0.965,1.54,1.225,1.102,1.082,1.758,1.628,0,0,0
1469,1.368,0.799,1.313,0.945,0.788,1.069,1.789,1.543,0,0,0
1470,1.368,0.641,1.001,0.918,1.634,0.642,0.968,0.837,1,3,464
1471,1.368,0.773,1.251,1.046,0.927,0.962,1.64,1.511,0,0,0
1472,1.368,0.89,1.456,1.079,1.068,1.049,1.76,1.489,0,0,0
1473,1.368,0.818,1.366,1.175,0.796,0.998,1.646,1.762,0,0,0
1474,1.368,0.583,0.797,0.564,0.778,0.669,1.028,0.872,0,0,0
1475,1.368,0.835,1.44,1.086,1.286,0.845,1.459,1.165,0,0,0
1476,1.368,0.632,0.894,0.402,1.241,0.625,1.069,0.459,0,0,0
1477,1.368,0.481,0.626,0.305,0.865,0.476,0.705,0.451,0,0,0
1478,1.368,0.706,1.048,1.132,0.885,0.831,1.317,1.587,0,0,0
1479,1.368,0.215,0.186,0.083,0.102,0.562,0.735,0.516,0,0,0
1480,1.368,0.629,0.935,0.729,0.921,0.677,1.172,1.015,0,0,0
1481,1.368,1.012,1.735,-0.06,0.01,1.44,2.341,1.208,0,0,0
1482,1.368,0.661,0.972,0.716,0.928,0.805,1.402,1.13,0,0,0
1483,1.368,0.475,0.62,0.418,0.748,0.511,0.818,0.647,0,0,0
1484,1.368,0.716,1.074,0.71,0.589,1.209,1.945,1.219,0,0,0
1485,1.368,0.625,0.854,0.732,0.765,0.718,1.261,1.146,0,0,0
1486,1.368,0.817,1.344,0.761,1.167,0.805,1.418,0.952,0,0,0
1487,1.368,0.786,1.279,0.871,0.993,1.013,1.632,1.016,0,0,0
1488,1.368,0.58,0.839,0.531,1.028,0.518,0.86,0.715,0,0,0
1489,1.368,0.81,1.223,0.694,1.541,0.819,1.192,0.627,1,3,445
1490,1.368,0.88,1.369,0.861,0.996,1.085,1.831,1.147,0,0,0
1491,1.368,0.574,0.796,0.368,1.181,0.527,0.896,0.472,0,0,0
1492,1.368,0.972,1.526,0.681,4.17,0.212,0.177,-0.061,0,0,0
1493,1.368,0.494,0.643,0.173,0.628,0.663,0.995,0.603,0,0,0
1494,1.368,0.81,1.373,0.983,1.464,0.697,1.233,0.919,0,0,0
1495,1.368,0.287,0.366,0.198,0.225,0.682,1.056,0.812,0,0,0
1496,1.368,0.645,0.98,0.759,0.869,0.758,1.112,1.142,0,0,0
1497,1.368,0.382,0.572,0.346,0.222,0.845,1.38,1.083,0,0,0
1498,1.368,0.777,1.223,0.988,1.007,0.965,1.545,1.267,0,0,0
1499,1.368,0.843,1.424,1.658,1.647,1.075,1.789,1.487,0,0,0
1500,1.368,0.638,0.86,0.466,0.363,1.237,2.027,1.381,0,0,0
1501,1.368,0.457,0.593,0.31,1.175,0.425,0.682,0.443,0,0,0
1502,1.368,0.213,0.18,-0.057,0.13,0.598,0.875,0.487,0,0,0
1503,1.368,0.44,0.625,1.047,0.543,0.623,0.935,1.115,0,0,0
1504,1.368,0.551,0.741,0.367,1.188,0.563,0.889,0.488,0,0,0
1505,1.368,0.369,0.447,0.158,1.153,0.376,0.459,0.217,1,4,433
1506,1.368,0.581,0.83,0.624,1.129,0.544,0.854,0.788,0,0,0
1507,1.368,0.715,1.152,0.7,1.375,0.715,1.152,0.7,0,0,0
1508,1.368,0.674,0.962,0.663,1.387,0.674,0.962,0.663,0,0,0
1509,1.368,0.411,0.515,0.419,0.733,0.528,0.741,0.518,0,0,0
1510,1.368,0.644,0.868,0.767,0.545,0.8,1.374,1.523,0,0,0
1511,1.368,0.814,1.249,0.901,0.65,1.049,1.897,1.584,0,0,0
1512,1.368,0.987,1.628,1.615,1.407,0.97,1.578,1.606,0,0,0
1513,1.368,0.307,0.361,0.165,0.133,0.536,0.913,0.778,0,0,0
1514,1.368,0.473,0.789,1.408,2.258,0.607,0.981,0.832,0,0,0
1515,1.368,1.074,1.948,1.249,1.611,0.829,2.245,1.246,0,0,0
1516,1.368,0.611,0.967,0.8,1.008,0.645,0.954,1.127,1,4,417
1517,1.368,0.492,0.648,0.284,0.535,0.445,0.67,0.948,0,0,0
1518,1.368,0.744,1.131,0.954,0.928,0.909,1.539,1.368,0,0,0
1519,1.368,0.661,1.161,1.053,1.718,0.705,0.919,0.977,0,0,0
1520,1.368,0.415,0.703,0.8,1.985,0.473,0.644,0.764,0,0,0
1521,1.368,0.934,1.562,1.265,1.504,0.909,1.48,1.165,0,0,0
1522,1.368,0.213,0.181,0.003,0.103,0.561,0.756,0.456,0,0,0
1523,1.368,0.508,0.676,0.579,1.215,0.506,0.765,0.566,1,4,406
1524,1.368,0.568,0.772,0.404,1.145,0.536,0.873,0.482,0,0,0
1525,1.368,0.61,0.863,1.548,1.088,0.638,0.964,1.636,0,0,0
1526,1.368,0.805,1.245,0.658,0.941,0.972,1.56,0.799,0,0,0
1527,1.368,0.824,1.048,0.5,1.297,0.784,1.116,0.543,0,0,0
1528,1.368,0.666,0.916,0.729,0.491,1.116,1.746,1.156,0,0,0
1529,1.368,0.556,0.839,0.712,0.451,0.827,1.391,1.437,4,5,0
1530,1.368,0.53,0.884,0.514,0.721,0.539,0.94,0.958,0,0,0
1531,1.368,0.409,0.514,0.344,0.3,0.541,0.937,0.912,0,0,0
1532,1.368,0.222,0.2,-0.047,0.127,0.659,1.03,0.649,0,0,0
1533,1.368,0.39,0.597,0.506,0.796,0.496,0.685,0.746,0,0,0
1534,1.368,0.496,0.721,0.511,1.424,0.489,0.698,0.509,0,0,0
1535,1.368,0.232,0.22,-0.06,0.062,0.855,1.332,0.796,0,0,0
1536,1.368,1.026,1.578,0.981,0.98,1.314,2.165,1.386,0,0,0
1537,1.368,0.581,0.777,0.605,1.254,0.593,0.794,0.624,1,4,396
1538,1.368,0.35,0.505,0.046,0.112,0.855,1.412,1.065,0,0,0
1539,1.368,0.334,0.505,1.267,1.156,0.348,0.414,1.55,0,0,0
1540,1.368,0.546,0.724,0.414,0.265,0.866,1.617,1.339,0,0,0
1541,1.368,1.115,1.751,0.994,1.161,1.092,1.852,1.231,0,0,0
1542,1.368,0.793,1.324,1.372,1.356,0.795,1.34,1.356,0,0,0
1543,1.368,0.989,1.591,1.03,1.301,1.009,1.7,1.088,0,0,0
1544,1.368,0.279,0.31,0.223,0.21,0.594,0.945,0.704,0,0,0
1545,1.368,0.722,1.063,0.672,1.07,0.835,1.305,0.722,0,0,0
1546,1.368,0.505,0.674,0.218,1.147,0.472,0.743,0.302,0,0,0
1547,1.368,1.319,2.186,1.497,1.776,1.338,2.179,1.315,0,0,0
1548,1.368,0.387,0.648,0.649,1.632,0.395,0.605,0.492,0,0,0
1549,1.368,1.111,1.742,1.116,1.255,1.189,1.924,1.23,1,4,381
1550,1.368,0.66,0.982,1.09,1.309,0.67,0.957,1.142,0,0,0
1551,1.368,1.156,1.916,1.521,1.494,0.99,1.647,1.547,0,0,0
1552,1.368,0.719,1.155,1.287,0.9,0.764,1.253,1.651,0,0,0
1553,1.368,1.405,2.256,1.117,1.295,1.415,2.308,1.216,0,0,0
1554,1.368,0.478,0.619,0.295,0.631,0.635,0.964,0.624,0,0,0
1555,1.368,0.411,0.657,0.503,0.215,0.696,1.143,1.322,0,0,0
1556,1.368,0.335,0.385,-0.055,0.557,0.471,0.633,0.314,0,0,0
1557,1.368,0.585,0.886,0.582,1,0.568,0.994,0.846,0,0,0
1558,1.368,0.444,0.738,0.425,1.609,0.428,0.566,0.483,0,0,0
1559,1.368,0.212,0.178,-0.059,0.161,0.527,0.736,0.336,0,0,0
1560,1.368,0.94,1.514,0.981,1.042,1.11,1.852,1.289,0,0,0
1561,1.368,0.492,0.648,0.564,0.584,0.439,0.716,1.198,0,0,0
1562,1.368,0.525,0.975,1.521,2.218,0.746,1.72,1.059,0,0,0
1563,1.368,0.84,1.264,0.671,0.897,1.084,1.664,0.928,0,0,0
1564,1.368,0.352,0.438,0.87,0.292,0.717,1.031,0.958,0,0,0
1565,1.368,0.975,1.506,0.894,1.141,1.083,1.69,1.098,1,3,360
1566,1.368,0.706,1.2,1.131,1.724,0.843,1.129,0.945,0,0,0
1567,1.368,0.569,0.759,0.605,1.165,0.586,0.87,0.481,1,3,359
1568,1.368,0.428,0.583,0.658,1.12,0.406,0.641,0.701,0,0,0
1569,1.368,1.183,2.006,1.514,2.204,1.026,1.646,1.27,0,0,0
1570,1.368,0.878,1.441,0.628,0.771,1.21,2.01,1.164,0,0,0
1571,1.368,0.249,0.279,0.235,0.224,0.448,0.669,0.636,0,0,0
1572,1.368,0.626,0.881,0.747,0.904,0.692,1.237,1.031,0,0,0
1573,1.368,0.9,1.518,1.304,1.553,0.769,1.271,1.272,0,0,0
1574,1.368,0.222,0.201,0.546,0.229,0.881,1.222,0.486,0,0,0
1575,1.368,0.992,1.542,0.965,1.054,1.143,1.907,1.326,0,0,0
1576,1.368,0.592,0.899,0.762,1.147,0.597,0.92,0.935,0,0,0
1577,1.368,0.776,1.227,0.677,0.681,1.059,1.877,1.323,0,0,0
1578,1.368,0.87,1.429,0.827,0.793,1.173,1.978,1.359,0,0,0
1579,1.368,0.436,0.58,0.48,0.217,0.658,1.146,1.262,0,0,0
1580,1.368,0.873,1.45,0.894,0.854,1.186,1.987,1.413,0,0,0
1581,1.368,0.306,0.45,0.815,2.514,0.48,0.653,0.277,0,0,0
1582,1.368,0.268,0.345,0.378,1.612,0.284,0.35,0.324,0,0,0
1583,1.368,1.195,1.495,0.446,1.24,1.178,1.915,0.62,0,0,0
1584,1.368,0.567,0.889,0.501,1.207,0.494,0.87,0.593,0,0,0
1585,1.368,0.693,0.997,0.465,0.448,0.975,1.612,1.451,0,0,0
1586,1.368,1.144,1.873,0.083,0.64,1.414,2.322,1.247,0,0,0
1587,1.368,0.241,0.242,0.47,0.335,0.681,1.008,0.776,0,0,0
1588,1.368,0.592,0.759,0.166,0.069,0.865,1.292,1.71,0,0,0
1589,1.368,0.489,0.784,0.474,1.443,0.497,0.751,0.447,0,0,0
1590,1.368,0.216,0.186,-0.011,0.208,0.569,0.834,0.57,0,0,0
1591,1.368,0.452,0.644,0.239,0.14,1.307,2.163,1.296,0,0,0
1592,1.368,0.652,1.126,0.799,1.438,0.671,1.145,0.744,0,0,0
1593,1.368,0.927,1.437,0.703,1.154,1.036,1.634,0.883,0,0,0
1594,1.368,1.104,1.877,0.302,0.099,0.68,0.965,1.91,0,0,0
1595,1.368,0.538,0.709,-0.059,0.221,1.438,2.339,1.289,0,0,0
1596,1.368,0.217,0.192,-0.055,0.089,0.477,0.624,0.46,0,0,0
1597,1.368,0.515,0.897,0.514,0.122,0.816,1.339,1.483,4,5,0
1598,1.368,1,1.595,0.949,1.202,1.153,1.895,1.109,0,0,0
1599,1.368,0.729,1.084,-0.059,0.301,1.308,2.246,1.729,0,0,0
1600,1.368,1.038,1.683,1.811,1.539,0.981,1.55,1.758,0,0,0
1601,1.368,0.653,0.9,1.713,3.087,0.908,1.566,0.538,0,0,0
1602,1.368,0.578,1.014,0.755,1.37,0.578,1.014,0.755,0,0,0
1603,1.368,0.885,1.351,-0.059,0.295,1.314,2.22,1.91,0,0,0
1604,1.368,0.212,0.178,0.58,1.893,0.456,0.501,0.154,0,0,0
1605,1.368,0.213,0.206,0.644,1.755,0.391,0.704,0.354,0,0,0
1606,1.368,0.821,1.368,1.532,2.048,1.133,2.112,1.508,0,0,0
1607,1.368,0.69,1.196,1.526,1.665,0.858,1.66,1.224,0,0,0
1608,1.368,0.838,1.392,0.981,0.924,1.053,1.727,1.343,0,0,0
1609,1.368,0.212,0.178,-0.06,0.067,0.483,0.599,0.188,0,0,0
1610,1.368,0.562,0.777,0.473,1.024,0.564,0.91,0.464,0,0,0
1611,1.368,0.323,0.47,0.255,0.177,0.709,1.14,0.917,0,0,0
1612,1.368,0.513,0.916,0.955,2.047,0.634,0.896,0.387,0,0,0
1613,1.368,0.74,1.337,1.644,1.709,0.709,1.273,1.499,0,0,0
1614,1.368,1.075,1.826,1.344,1.811,1.06,1.682,0.982,0,0,0
1615,1.368,0.533,0.702,0.428,1.15,0.537,0.753,0.486,0,0,0
1616,1.368,0.405,0.59,0.7,0.773,0.47,0.651,0.971,0,0,0
1617,1.368,0.339,0.398,0.252,0.625,0.469,0.661,0.587,0,0,0
1618,1.368,0.482,0.678,0.541,1.24,0.506,0.733,0.603,1,3,297
1619,1.368,0.595,0.814,0.43,0.356,1.146,1.852,1.308,0,0,0
1620,1.368,0.847,1.353,0.606,0.567,0.785,1.284,1.752,0,0,0
1621,1.368,1.215,2.115,0.717,-1,0,0,0,0,0,0
1622,1.368,0.955,1.511,0.872,0.883,1.287,2.13,1.265,0,0,0
1623,1.368,0.774,1.129,1.302,1.207,0.812,1.27,1.427,1,2,285
1624,1.368,0.281,0.378,0.324,1.397,0.282,0.381,0.318,1,1,289
1625,1.368,0.596,0.794,-0.004,0.112,1.237,2.056,1.589,0,0,0
1626,1.368,0.788,1.352,1.07,1.455,0.712,1.17,1.025,0,0,0
1627,1.368,0.743,1.334,1.198,1.459,0.711,1.362,1.13,0,0,0
1628,1.368,0.473,0.651,0.462,0.162,0.613,1.038,1.304,0,0,0
1629,1.368,0.467,0.6,-0.06,0.055,1.399,2.293,1.251,0,0,0
1630,1.368,0.504,0.842,0.818,0.835,0.557,0.834,1.248,0,0,0
1631,1.368,0.472,0.609,0.209,1.06,0.458,0.596,0.311,0,0,0
1632,1.368,0.469,0.66,0.344,1.563,0.475,0.55,0.242,0,0,0
1633,1.368,0.271,0.311,0.385,0.551,0.362,0.496,0.637,0,0,0
1634,1.368,0.908,1.601,1.027,1.44,0.948,1.657,0.966,0,0,0
1635,1.368,0.608,0.817,0.635,1.1,0.642,0.982,0.756,0,0,0
1636,1.368,0.365,0.464,0.444,1.514,0.398,0.447,0.442,0,0,0
1637,1.368,0.514,0.682,0.555,0.97,0.531,0.767,0.68,0,0,0
1638,1.368,1.01,1.537,0.922,1.258,1.048,1.663,1.004,4,8,0
1639,1.368,0.938,1.436,1.006,0.905,1.184,1.863,1.296,0,0,0
1640,1.368,1.082,1.909,1.902,2.907,1.027,1.557,1.464,0,0,0
1641,1.368,0.737,1.144,1.339,1.532,0.811,1.417,1.184,0,0,0
1642,1.368,0.259,0.306,0.115,0.144,0.576,0.891,0.722,0,0,0
1643,1.368,1.08,1.58,0.079,5.682,0.212,0.177,1.915,0,0,0
1644,1.368,0.809,1.305,1.133,1.049,0.981,1.589,1.184,0,0,0
1645,1.368,0.663,0.913,0.404,1.485,0.68,0.754,0.376,0,0,0
1646,1.368,0.846,1.291,0.957,0.81,1.011,1.672,1.656,0,0,0
1647,1.368,0.503,0.657,0.466,0.552,0.648,1.033,0.94,0,0,0
1648,1.368,0.215,0.185,0.105,0.208,0.562,0.802,0.558,0,0,0
1649,1.368,0.506,0.663,-0.06,0.375,1.114,1.728,0.999,0,0,0
1650,1.368,0.212,0.179,-0.061,0.07,0.419,0.467,0.222,0,0,0
1651,1.368,0.577,0.793,0.734,0.414,0.782,1.384,1.366,0,0,0
1652,1.368,0.212,0.178,-0.06,0.056,0.607,0.844,0.371,0,0,0
1653,1.368,0.557,0.739,0.758,1.081,0.566,0.874,1.002,0,0,0
1654,1.368,0.413,0.601,0.489,1.125,0.368,0.521,0.607,0,0,0
1655,1.368,0.473,0.663,0.459,1.365,0.473,0.663,0.459,1,3,246
1656,1.368,0.565,1.017,1.023,2.158,0.617,0.847,0.382,0,0,0
1657,1.368,1.182,1.938,1.157,1.236,1.223,2.018,1.376,0,0,0
1658,1.368,0.733,1.12,0.795,0.686,0.935,1.656,1.431,0,0,0
1659,1.368,1.197,1.982,1.238,1.354,1.212,2.012,1.254,0,0,0
1660,1.368,0.632,0.881,0.935,0.981,0.674,1.133,1.148,0,0,0
1661,1.368,0.971,1.472,0.929,1.098,1.081,1.819,1.187,0,0,0
1662,1.368,0.244,0.248,-0.03,0.189,0.724,1.128,0.63,0,0,0
1663,1.368,1.032,1.568,0.079,0.612,1.423,2.338,1.247,0,0,0
1664,1.368,0.212,0.178,-0.06,0.018,0.37,0.563,0.536,0,0,0
1665,1.368,0.867,1.333,0.798,0.701,1.322,2.164,1.369,0,0,0
1666,1.368,0.511,0.693,0.94,1.463,0.507,0.663,0.99,0,0,0
1667,1.368,0.962,1.551,1.294,1.172,1.145,1.911,1.376,0,0,0
1668,1.368,0.702,0.996,1.32,0.98,0.777,1.148,1.127,0,0,0
1669,1.368,1.077,1.798,1.492,1.427,1.051,1.745,1.485,0,0,0
1670,1.368,0.585,0.786,0.655,0.718,0.705,1.15,1.066,0,0,0
1671,1.368,0.256,0.279,0.143,0.155,0.619,0.954,0.768,0,0,0
1672,1.368,0.407,0.512,0.378,0.684,0.599,0.848,0.648,0,0,0
1673,1.368,0.395,0.51,0.426,0.404,0.639,0.997,1.098,4,5,0
1674,1.368,0.363,0.552,0.315,0.201,0.687,1.128,1.108,0,0,0
1675,1.368,0.679,1.005,1.115,1.245,0.727,1.163,1.26,4,5,0
1676,1.368,0.723,1.031,0.938,1.092,0.757,1.268,1.144,0,0,0
1677,1.368,0.729,1.188,0.456,1.493,0.805,0.941,0.393,0,0,0
1678,1.368,0.422,0.532,0.458,1.055,0.353,0.496,0.646,0,0,0
1679,1.368,0.736,1.137,0.901,0.925,0.84,1.314,1.316,0,0,0
1680,1.368,0.262,0.32,-0.055,0.175,0.598,0.876,0.584,0,0,0
1681,1.368,0.509,0.692,0.796,1.165,0.515,0.721,0.892,0,0,0
1682,1.368,1.044,1.576,1.403,1.215,1.129,1.787,1.598,0,0,0
1683,1.368,0.213,0.179,-0.058,0.189,0.408,0.512,0.382,0,0,0
1684,1.368,0.608,0.894,0.928,0.816,0.648,1.142,1.435,0,0,0
1685,1.368,0.469,0.606,0.589,1.243,0.471,0.613,0.588,1,3,182
1686,1.368,0.643,0.888,0.885,0.789,0.678,1.175,1.353,0,0,0
1687,1.368,0.475,0.781,0.309,0.841,0.337,0.572,0.792,0,0,0
1688,1.368,0.38,0.464,0.197,0.524,0.54,0.769,0.779,0,0,0
1689,1.368,1.074,1.799,1.462,1.328,1.1,1.843,1.505,0,0,0
1690,1.368,1.197,1.933,1.332,1.344,1.212,1.967,1.339,0,0,0
1691,1.368,0.821,1.289,0.771,1.037,0.67,1.152,1.056,0,0,0
1692,1.368,0.848,1.275,0.788,0.679,1.278,2.09,1.34,0,0,0
1693,1.368,0.358,0.44,0.53,1.242,0.359,0.506,0.545,1,3,156
1694,1.368,0.688,0.952,0.012,0.095,1.07,1.721,1.903,0,0,0
1695,1.368,0.695,1.112,0.904,0.474,0.875,1.49,1.819,0,0,0
1696,1.368,0.873,1.546,1.59,1.785,0.818,1.376,1.386,0,0,0
1697,1.368,0.604,1.001,1.008,1.547,0.606,0.942,0.947,1,3,149
1698,1.368,0.725,1.105,0.656,0.598,1.252,1.988,1.186,4,5,0
1699,1.368,0.682,1.147,1.279,1.545,0.683,1.097,1.176,1,1,133
1700,1.368,1.189,2.009,1.253,1.889,1.012,1.66,1.295,0,0,0